datetime (UTC),"coordinates (lat,lon)",model (name),model elevation (surface),utc_offset (hrs),temperature (degC),dewpoint_temperature (degC),wind_speed (m/s),total_cloud_cover (0-1),total_precipitation (mm of water equivalent)
2024-02-29 00:00:00,"(40.7127492, -74.0059945)",era5,17.92,-5.00,13.34,10.81,6.24,1.00,0.30
2024-02-29 01:00:00,"(40.7127492, -74.0059945)",era5,17.92,-5.00,14.13,11.54,7.93,1.00,1.20
2024-02-29 02:00:00,"(40.7127492, -74.0059945)",era5,17.92,-5.00,13.75,10.13,8.57,1.00,2.55
2024-02-29 03:00:00,"(40.7127492, -74.0059945)",era5,17.92,-5.00,8.88,4.77,8.63,1.00,1.81
2024-02-29 04:00:00,"(40.7127492, -74.0059945)",era5,17.92,-5.00,7.32,3.37,8.35,1.00,0.71
2024-02-29 05:00:00,"(40.7127492, -74.0059945)",era5,17.92,-5.00,5.85,-0.85,9.13,0.42,0.03
2024-02-29 06:00:00,"(40.7127492, -74.0059945)",era5,17.92,-5.00,4.33,-4.05,9.22,0.00,0.00
2024-02-29 07:00:00,"(40.7127492, -74.0059945)",era5,17.92,-5.00,2.97,-5.62,8.47,0.00,0.00
2024-02-29 08:00:00,"(40.7127492, -74.0059945)",era5,17.92,-5.00,1.37,-7.11,7.53,0.00,0.00
2024-02-29 09:00:00,"(40.7127492, -74.0059945)",era5,17.92,-5.00,0.90,-7.05,6.25,0.00,0.00
2024-02-29 10:00:00,"(40.7127492, -74.0059945)",era5,17.92,-5.00,0.14,-8.23,5.65,0.00,0.00
2024-02-29 11:00:00,"(40.7127492, -74.0059945)",era5,17.92,-5.00,0.08,-8.17,4.95,0.00,0.00
2024-02-29 12:00:00,"(40.7127492, -74.0059945)",era5,17.92,-5.00,0.12,-8.31,4.85,0.00,0.00
2024-02-29 13:00:00,"(40.7127492, -74.0059945)",era5,17.92,-5.00,0.53,-9.61,6.85,0.44,0.00
2024-02-29 14:00:00,"(40.7127492, -74.0059945)",era5,17.92,-5.00,1.06,-9.48,6.57,0.83,0.00
2024-02-29 15:00:00,"(40.7127492, -74.0059945)",era5,17.92,-5.00,1.64,-9.36,6.49,1.00,0.00
2024-02-29 16:00:00,"(40.7127492, -74.0059945)",era5,17.92,-5.00,2.09,-9.59,6.43,1.00,0.00
2024-02-29 17:00:00,"(40.7127492, -74.0059945)",era5,17.92,-5.00,2.92,-9.60,6.34,0.98,0.00
2024-02-29 18:00:00,"(40.7127492, -74.0059945)",era5,17.92,-5.00,3.45,-9.64,6.28,1.00,0.00
2024-02-29 19:00:00,"(40.7127492, -74.0059945)",era5,17.92,-5.00,3.80,-9.78,6.22,0.93,0.00
2024-02-29 20:00:00,"(40.7127492, -74.0059945)",era5,17.92,-5.00,4.51,-9.59,6.32,0.19,0.00
2024-02-29 21:00:00,"(40.7127492, -74.0059945)",era5,17.92,-5.00,4.91,-9.51,6.28,0.34,0.00
2024-02-29 22:00:00,"(40.7127492, -74.0059945)",era5,17.92,-5.00,4.42,-9.18,4.04,0.00,0.00
2024-02-29 23:00:00,"(40.7127492, -74.0059945)",era5,17.92,-5.00,3.95,-8.59,3.48,0.00,0.00
2024-03-01 00:00:00,"(40.7127492, -74.0059945)",era5,17.92,-5.00,3.12,-7.98,3.34,0.00,0.00
2024-03-01 01:00:00,"(40.7127492, -74.0059945)",era5,17.92,-5.00,2.68,-7.61,3.06,0.00,0.00
2024-03-01 02:00:00,"(40.7127492, -74.0059945)",era5,17.92,-5.00,1.92,-7.22,2.55,0.00,0.00
2024-03-01 03:00:00,"(40.7127492, -74.0059945)",era5,17.92,-5.00,1.54,-6.90,2.22,0.00,0.00
2024-03-01 04:00:00,"(40.7127492, -74.0059945)",era5,17.92,-5.00,1.06,-6.90,1.99,0.00,0.00
2024-03-01 05:00:00,"(40.7127492, -74.0059945)",era5,17.92,-5.00,0.49,-7.30,2.12,0.00,0.00
2024-03-01 06:00:00,"(40.7127492, -74.0059945)",era5,17.92,-5.00,0.19,-7.60,1.98,0.00,0.00
2024-03-01 07:00:00,"(40.7127492, -74.0059945)",era5,17.92,-5.00,-0.31,-7.59,1.82,0.00,0.00
2024-03-01 08:00:00,"(40.7127492, -74.0059945)",era5,17.92,-5.00,-0.53,-7.74,1.56,0.00,0.00
2024-03-01 09:00:00,"(40.7127492, -74.0059945)",era5,17.92,-5.00,-0.94,-7.84,1.46,0.00,0.00
2024-03-01 10:00:00,"(40.7127492, -74.0059945)",era5,17.92,-5.00,-1.51,-8.14,1.21,0.00,0.00
2024-03-01 11:00:00,"(40.7127492, -74.0059945)",era5,17.92,-5.00,-1.81,-8.32,0.36,0.00,0.00
2024-03-01 12:00:00,"(40.7127492, -74.0059945)",era5,17.92,-5.00,-1.73,-8.29,0.74,0.00,0.00
2024-03-01 13:00:00,"(40.7127492, -74.0059945)",era5,17.92,-5.00,-0.50,-7.78,0.87,0.00,0.00
2024-03-01 14:00:00,"(40.7127492, -74.0059945)",era5,17.92,-5.00,1.43,-8.44,0.91,0.00,0.00
2024-03-01 15:00:00,"(40.7127492, -74.0059945)",era5,17.92,-5.00,2.58,-8.34,1.24,0.00,0.00
2024-03-01 16:00:00,"(40.7127492, -74.0059945)",era5,17.92,-5.00,3.42,-7.86,1.97,0.00,0.00
2024-03-01 17:00:00,"(40.7127492, -74.0059945)",era5,17.92,-5.00,4.77,-7.02,2.13,0.00,0.00
2024-03-01 18:00:00,"(40.7127492, -74.0059945)",era5,17.92,-5.00,5.69,-6.35,2.63,0.00,0.00
2024-03-01 19:00:00,"(40.7127492, -74.0059945)",era5,17.92,-5.00,6.00,-5.81,3.66,0.82,0.00
2024-03-01 20:00:00,"(40.7127492, -74.0059945)",era5,17.92,-5.00,6.27,-4.96,4.53,0.59,0.00
2024-03-01 21:00:00,"(40.7127492, -74.0059945)",era5,17.92,-5.00,6.26,-4.47,4.33,0.62,0.00
2024-03-01 22:00:00,"(40.7127492, -74.0059945)",era5,17.92,-5.00,5.72,-3.41,3.40,1.00,0.00
2024-03-01 23:00:00,"(40.7127492, -74.0059945)",era5,17.92,-5.00,5.35,-2.67,3.63,1.00,0.00
2024-03-02 00:00:00,"(40.7127492, -74.0059945)",era5,17.92,-5.00,5.08,-2.03,3.54,1.00,0.00
2024-03-02 01:00:00,"(40.7127492, -74.0059945)",era5,17.92,-5.00,4.87,-1.64,3.47,1.00,0.00
2024-03-02 02:00:00,"(40.7127492, -74.0059945)",era5,17.92,-5.00,4.69,-1.02,3.26,1.00,0.00
2024-03-02 03:00:00,"(40.7127492, -74.0059945)",era5,17.92,-5.00,4.78,-0.60,2.62,1.00,0.00
2024-03-02 04:00:00,"(40.7127492, -74.0059945)",era5,17.92,-5.00,4.82,-0.20,2.49,1.00,0.00
2024-03-02 05:00:00,"(40.7127492, -74.0059945)",era5,17.92,-5.00,4.90,0.42,2.10,1.00,0.00
2024-03-02 06:00:00,"(40.7127492, -74.0059945)",era5,17.92,-5.00,4.95,0.99,2.26,1.00,0.00
2024-03-02 07:00:00,"(40.7127492, -74.0059945)",era5,17.92,-5.00,5.08,1.23,2.37,1.00,0.08
2024-03-02 08:00:00,"(40.7127492, -74.0059945)",era5,17.92,-5.00,5.29,1.96,1.85,1.00,0.16
2024-03-02 09:00:00,"(40.7127492, -74.0059945)",era5,17.92,-5.00,5.07,2.04,1.64,1.00,0.12
2024-03-02 10:00:00,"(40.7127492, -74.0059945)",era5,17.92,-5.00,5.12,3.00,1.68,1.00,0.06
2024-03-02 11:00:00,"(40.7127492, -74.0059945)",era5,17.92,-5.00,5.16,3.29,1.88,1.00,0.02
2024-03-02 12:00:00,"(40.7127492, -74.0059945)",era5,17.92,-5.00,5.37,3.65,2.69,1.00,0.07
2024-03-02 13:00:00,"(40.7127492, -74.0059945)",era5,17.92,-5.00,5.73,3.98,2.97,1.00,0.25
2024-03-02 14:00:00,"(40.7127492, -74.0059945)",era5,17.92,-5.00,6.55,5.00,3.15,1.00,0.51
2024-03-02 15:00:00,"(40.7127492, -74.0059945)",era5,17.92,-5.00,7.10,5.71,3.31,1.00,0.80
2024-03-02 16:00:00,"(40.7127492, -74.0059945)",era5,17.92,-5.00,7.32,6.12,3.22,1.00,1.06
2024-03-02 17:00:00,"(40.7127492, -74.0059945)",era5,17.92,-5.00,8.06,6.99,3.30,1.00,1.29
2024-03-02 18:00:00,"(40.7127492, -74.0059945)",era5,17.92,-5.00,8.32,7.23,3.63,1.00,1.37
2024-03-02 19:00:00,"(40.7127492, -74.0059945)",era5,17.92,-5.00,8.71,7.64,3.80,1.00,3.76
2024-03-02 20:00:00,"(40.7127492, -74.0059945)",era5,17.92,-5.00,9.26,8.08,4.57,0.98,4.04
2024-03-02 21:00:00,"(40.7127492, -74.0059945)",era5,17.92,-5.00,9.77,8.53,5.64,1.00,3.59
2024-03-02 22:00:00,"(40.7127492, -74.0059945)",era5,17.92,-5.00,10.19,9.15,6.10,1.00,3.80
2024-03-02 23:00:00,"(40.7127492, -74.0059945)",era5,17.92,-5.00,10.33,9.29,4.69,1.00,2.36
2024-03-03 00:00:00,"(40.7127492, -74.0059945)",era5,17.92,-5.00,10.02,9.09,3.01,1.00,1.11
2024-03-03 01:00:00,"(40.7127492, -74.0059945)",era5,17.92,-5.00,9.54,8.75,0.55,1.00,0.21
2024-03-03 02:00:00,"(40.7127492, -74.0059945)",era5,17.92,-5.00,9.27,8.48,0.86,1.00,0.02
2024-03-03 03:00:00,"(40.7127492, -74.0059945)",era5,17.92,-5.00,9.14,8.34,1.52,1.00,0.00
2024-03-03 04:00:00,"(40.7127492, -74.0059945)",era5,17.92,-5.00,9.07,8.18,2.22,1.00,0.00
2024-03-03 05:00:00,"(40.7127492, -74.0059945)",era5,17.92,-5.00,8.82,7.89,2.84,1.00,0.00
2024-03-03 06:00:00,"(40.7127492, -74.0059945)",era5,17.92,-5.00,8.81,7.78,3.42,1.00,0.00
2024-03-03 07:00:00,"(40.7127492, -74.0059945)",era5,17.92,-5.00,8.75,7.58,3.47,1.00,0.00
2024-03-03 08:00:00,"(40.7127492, -74.0059945)",era5,17.92,-5.00,8.54,7.31,3.23,0.83,0.00
2024-03-03 09:00:00,"(40.7127492, -74.0059945)",era5,17.92,-5.00,8.46,7.25,2.78,0.47,0.00
2024-03-03 10:00:00,"(40.7127492, -74.0059945)",era5,17.92,-5.00,8.17,6.83,2.07,0.61,0.00
2024-03-03 11:00:00,"(40.7127492, -74.0059945)",era5,17.92,-5.00,7.97,6.63,2.38,0.30,0.00
2024-03-03 12:00:00,"(40.7127492, -74.0059945)",era5,17.92,-5.00,8.15,6.74,2.35,0.23,0.00
2024-03-03 13:00:00,"(40.7127492, -74.0059945)",era5,17.92,-5.00,9.47,7.24,2.07,0.16,0.00
2024-03-03 14:00:00,"(40.7127492, -74.0059945)",era5,17.92,-5.00,11.30,7.77,2.31,0.17,0.00
2024-03-03 15:00:00,"(40.7127492, -74.0059945)",era5,17.92,-5.00,11.05,7.26,2.42,0.18,0.00
2024-03-03 16:00:00,"(40.7127492, -74.0059945)",era5,17.92,-5.00,11.64,6.98,2.57,0.18,0.00
2024-03-03 17:00:00,"(40.7127492, -74.0059945)",era5,17.92,-5.00,12.93,6.92,2.26,0.01,0.00
2024-03-03 18:00:00,"(40.7127492, -74.0059945)",era5,17.92,-5.00,13.11,6.85,2.03,0.01,0.00
2024-03-03 19:00:00,"(40.7127492, -74.0059945)",era5,17.92,-5.00,14.52,6.90,1.74,0.00,0.00
2024-03-03 20:00:00,"(40.7127492, -74.0059945)",era5,17.92,-5.00,16.60,6.78,1.18,0.01,0.00
2024-03-03 21:00:00,"(40.7127492, -74.0059945)",era5,17.92,-5.00,18.67,7.03,1.23,0.09,0.00
2024-03-03 22:00:00,"(40.7127492, -74.0059945)",era5,17.92,-5.00,18.53,6.04,0.83,0.28,0.00
2024-03-03 23:00:00,"(40.7127492, -74.0059945)",era5,17.92,-5.00,14.12,6.47,1.56,0.61,0.00
2024-03-04 00:00:00,"(40.7127492, -74.0059945)",era5,17.92,-5.00,12.50,6.92,1.18,0.69,0.00
2024-03-04 01:00:00,"(40.7127492, -74.0059945)",era5,17.92,-5.00,12.59,7.47,0.59,0.82,0.00
2024-03-04 02:00:00,"(40.7127492, -74.0059945)",era5,17.92,-5.00,11.08,7.15,0.67,0.82,0.00
2024-03-04 03:00:00,"(40.7127492, -74.0059945)",era5,17.92,-5.00,11.13,7.35,2.25,0.73,0.00
2024-03-04 04:00:00,"(40.7127492, -74.0059945)",era5,17.92,-5.00,10.48,7.27,2.32,0.79,0.00
2024-03-04 05:00:00,"(40.7127492, -74.0059945)",era5,17.92,-5.00,8.62,6.43,2.70,0.67,0.00
2024-03-04 06:00:00,"(40.7127492, -74.0059945)",era5,17.92,-5.00,8.29,6.44,2.77,0.57,0.00
2024-03-04 07:00:00,"(40.7127492, -74.0059945)",era5,17.92,-5.00,7.80,6.24,2.61,0.48,0.00
2024-03-04 08:00:00,"(40.7127492, -74.0059945)",era5,17.92,-5.00,7.61,6.29,2.26,0.45,0.00
2024-03-04 09:00:00,"(40.7127492, -74.0059945)",era5,17.92,-5.00,7.68,6.30,1.84,0.61,0.00
2024-03-04 10:00:00,"(40.7127492, -74.0059945)",era5,17.92,-5.00,7.20,5.38,1.59,0.38,0.00
2024-03-04 11:00:00,"(40.7127492, -74.0059945)",era5,17.92,-5.00,7.46,5.51,1.68,0.38,0.00
2024-03-04 12:00:00,"(40.7127492, -74.0059945)",era5,17.92,-5.00,7.52,5.57,1.84,0.39,0.00
2024-03-04 13:00:00,"(40.7127492, -74.0059945)",era5,17.92,-5.00,7.65,5.71,1.91,0.41,0.00
2024-03-04 14:00:00,"(40.7127492, -74.0059945)",era5,17.92,-5.00,8.10,5.83,2.09,0.58,0.00
2024-03-04 15:00:00,"(40.7127492, -74.0059945)",era5,17.92,-5.00,8.72,6.07,2.27,0.39,0.00
2024-03-04 16:00:00,"(40.7127492, -74.0059945)",era5,17.92,-5.00,9.77,6.64,2.58,0.50,0.00
2024-03-04 17:00:00,"(40.7127492, -74.0059945)",era5,17.92,-5.00,11.14,7.17,3.18,0.76,0.00
2024-03-04 18:00:00,"(40.7127492, -74.0059945)",era5,17.92,-5.00,11.86,7.61,3.86,0.91,0.00
2024-03-04 19:00:00,"(40.7127492, -74.0059945)",era5,17.92,-5.00,11.96,7.52,4.15,0.92,0.00
2024-03-04 20:00:00,"(40.7127492, -74.0059945)",era5,17.92,-5.00,11.40,7.27,4.28,0.97,0.00
2024-03-04 21:00:00,"(40.7127492, -74.0059945)",era5,17.92,-5.00,11.22,6.99,3.64,0.93,0.00
2024-03-04 22:00:00,"(40.7127492, -74.0059945)",era5,17.92,-5.00,9.58,6.43,2.43,0.98,0.00
2024-03-04 23:00:00,"(40.7127492, -74.0059945)",era5,17.92,-5.00,9.15,6.51,2.30,0.99,0.00
2024-03-05 00:00:00,"(40.7127492, -74.0059945)",era5,17.92,-5.00,8.41,6.22,2.65,0.99,0.00
2024-03-05 01:00:00,"(40.7127492, -74.0059945)",era5,17.92,-5.00,7.66,5.82,2.81,0.97,0.00
2024-03-05 02:00:00,"(40.7127492, -74.0059945)",era5,17.92,-5.00,7.13,5.42,3.27,0.98,0.00
2024-03-05 03:00:00,"(40.7127492, -74.0059945)",era5,17.92,-5.00,6.94,5.20,3.61,1.00,0.00
2024-03-05 04:00:00,"(40.7127492, -74.0059945)",era5,17.92,-5.00,6.70,5.15,3.78,1.00,0.00
2024-03-05 05:00:00,"(40.7127492, -74.0059945)",era5,17.92,-5.00,6.39,5.01,3.95,1.00,0.00
2024-03-05 06:00:00,"(40.7127492, -74.0059945)",era5,17.92,-5.00,6.18,4.96,3.82,1.00,0.00
2024-03-05 07:00:00,"(40.7127492, -74.0059945)",era5,17.92,-5.00,6.05,4.86,3.54,1.00,0.00
2024-03-05 08:00:00,"(40.7127492, -74.0059945)",era5,17.92,-5.00,5.85,4.74,3.62,1.00,0.01
2024-03-05 09:00:00,"(40.7127492, -74.0059945)",era5,17.92,-5.00,5.84,4.69,3.80,1.00,0.03
2024-03-05 10:00:00,"(40.7127492, -74.0059945)",era5,17.92,-5.00,5.88,4.57,2.78,1.00,0.16
2024-03-05 11:00:00,"(40.7127492, -74.0059945)",era5,17.92,-5.00,5.88,4.66,4.04,1.00,0.45
2024-03-05 12:00:00,"(40.7127492, -74.0059945)",era5,17.92,-5.00,5.89,4.84,4.83,1.00,1.21
2024-03-05 13:00:00,"(40.7127492, -74.0059945)",era5,17.92,-5.00,5.81,4.73,5.26,1.00,1.05
2024-03-05 14:00:00,"(40.7127492, -74.0059945)",era5,17.92,-5.00,6.06,4.87,4.98,1.00,1.05
2024-03-05 15:00:00,"(40.7127492, -74.0059945)",era5,17.92,-5.00,6.38,5.17,5.01,1.00,0.39
2024-03-05 16:00:00,"(40.7127492, -74.0059945)",era5,17.92,-5.00,6.73,5.38,4.97,1.00,0.04
2024-03-05 17:00:00,"(40.7127492, -74.0059945)",era5,17.92,-5.00,7.11,5.79,4.76,1.00,0.01
2024-03-05 18:00:00,"(40.7127492, -74.0059945)",era5,17.92,-5.00,7.53,6.13,4.49,1.00,0.08
2024-03-05 19:00:00,"(40.7127492, -74.0059945)",era5,17.92,-5.00,7.94,6.64,4.30,1.00,0.48
2024-03-05 20:00:00,"(40.7127492, -74.0059945)",era5,17.92,-5.00,8.14,7.04,3.18,1.00,1.25
2024-03-05 21:00:00,"(40.7127492, -74.0059945)",era5,17.92,-5.00,8.27,7.21,2.02,1.00,1.46
2024-03-05 22:00:00,"(40.7127492, -74.0059945)",era5,17.92,-5.00,7.99,6.82,1.84,1.00,1.66
2024-03-05 23:00:00,"(40.7127492, -74.0059945)",era5,17.92,-5.00,7.75,6.62,1.59,1.00,0.64
2024-03-06 00:00:00,"(40.7127492, -74.0059945)",era5,17.92,-5.00,7.73,6.55,1.06,1.00,0.31
2024-03-06 01:00:00,"(40.7127492, -74.0059945)",era5,17.92,-5.00,7.73,6.56,1.92,1.00,0.19
2024-03-06 02:00:00,"(40.7127492, -74.0059945)",era5,17.92,-5.00,7.89,6.66,2.47,1.00,0.00
2024-03-06 03:00:00,"(40.7127492, -74.0059945)",era5,17.92,-5.00,7.96,6.75,1.98,1.00,0.00
2024-03-06 04:00:00,"(40.7127492, -74.0059945)",era5,17.92,-5.00,7.99,6.66,1.90,0.98,0.00
2024-03-06 05:00:00,"(40.7127492, -74.0059945)",era5,17.92,-5.00,8.02,6.61,1.94,1.00,0.00
2024-03-06 06:00:00,"(40.7127492, -74.0059945)",era5,17.92,-5.00,7.93,6.65,1.92,1.00,0.00
2024-03-06 07:00:00,"(40.7127492, -74.0059945)",era5,17.92,-5.00,7.99,6.72,1.61,1.00,0.00
2024-03-06 08:00:00,"(40.7127492, -74.0059945)",era5,17.92,-5.00,7.98,6.87,1.52,1.00,0.00
2024-03-06 09:00:00,"(40.7127492, -74.0059945)",era5,17.92,-5.00,7.99,6.92,1.54,1.00,0.00
2024-03-06 10:00:00,"(40.7127492, -74.0059945)",era5,17.92,-5.00,8.16,7.36,1.24,1.00,0.00
2024-03-06 11:00:00,"(40.7127492, -74.0059945)",era5,17.92,-5.00,8.20,7.43,1.24,1.00,0.00
2024-03-06 12:00:00,"(40.7127492, -74.0059945)",era5,17.92,-5.00,8.31,7.54,0.66,1.00,0.00
2024-03-06 13:00:00,"(40.7127492, -74.0059945)",era5,17.92,-5.00,8.40,7.55,0.83,1.00,0.00
2024-03-06 14:00:00,"(40.7127492, -74.0059945)",era5,17.92,-5.00,8.64,7.57,1.57,1.00,0.00
2024-03-06 15:00:00,"(40.7127492, -74.0059945)",era5,17.92,-5.00,8.94,7.70,1.98,1.00,0.00
2024-03-06 16:00:00,"(40.7127492, -74.0059945)",era5,17.92,-5.00,9.19,7.89,2.49,1.00,0.00
2024-03-06 17:00:00,"(40.7127492, -74.0059945)",era5,17.92,-5.00,8.36,7.51,1.86,1.00,0.00
2024-03-06 18:00:00,"(40.7127492, -74.0059945)",era5,17.92,-5.00,7.59,6.91,1.67,1.00,0.08
2024-03-06 19:00:00,"(40.7127492, -74.0059945)",era5,17.92,-5.00,8.88,7.83,2.09,1.00,1.43
2024-03-06 20:00:00,"(40.7127492, -74.0059945)",era5,17.92,-5.00,8.55,7.83,2.34,1.00,2.61
2024-03-06 21:00:00,"(40.7127492, -74.0059945)",era5,17.92,-5.00,8.58,7.87,2.98,1.00,4.50
2024-03-06 22:00:00,"(40.7127492, -74.0059945)",era5,17.92,-5.00,8.65,7.71,2.99,1.00,6.46
2024-03-06 23:00:00,"(40.7127492, -74.0059945)",era5,17.92,-5.00,8.46,7.59,4.95,1.00,7.85
2024-03-07 00:00:00,"(40.7127492, -74.0059945)",era5,17.92,-5.00,8.29,7.45,5.29,1.00,8.22
2024-03-07 01:00:00,"(40.7127492, -74.0059945)",era5,17.92,-5.00,8.08,7.30,4.40,1.00,4.95
2024-03-07 02:00:00,"(40.7127492, -74.0059945)",era5,17.92,-5.00,8.15,7.32,3.54,1.00,1.58
2024-03-07 03:00:00,"(40.7127492, -74.0059945)",era5,17.92,-5.00,8.37,7.59,2.55,1.00,1.40
2024-03-07 04:00:00,"(40.7127492, -74.0059945)",era5,17.92,-5.00,8.52,7.70,1.94,1.00,1.63
2024-03-07 05:00:00,"(40.7127492, -74.0059945)",era5,17.92,-5.00,8.71,7.94,2.68,1.00,1.89
2024-03-07 06:00:00,"(40.7127492, -74.0059945)",era5,17.92,-5.00,9.11,8.27,3.31,1.00,2.00
2024-03-07 07:00:00,"(40.7127492, -74.0059945)",era5,17.92,-5.00,9.24,8.33,4.30,1.00,0.09
2024-03-07 08:00:00,"(40.7127492, -74.0059945)",era5,17.92,-5.00,9.72,8.66,5.17,0.99,0.14
2024-03-07 09:00:00,"(40.7127492, -74.0059945)",era5,17.92,-5.00,9.94,8.65,5.13,1.00,0.44
2024-03-07 10:00:00,"(40.7127492, -74.0059945)",era5,17.92,-5.00,9.83,8.08,4.09,1.00,0.67
2024-03-07 11:00:00,"(40.7127492, -74.0059945)",era5,17.92,-5.00,9.67,7.75,4.67,1.00,0.54
2024-03-07 12:00:00,"(40.7127492, -74.0059945)",era5,17.92,-5.00,9.68,7.56,5.06,1.00,0.05
2024-03-07 13:00:00,"(40.7127492, -74.0059945)",era5,17.92,-5.00,9.57,7.28,5.34,1.00,0.01
2024-03-07 14:00:00,"(40.7127492, -74.0059945)",era5,17.92,-5.00,10.04,7.32,5.47,1.00,0.01
2024-03-07 15:00:00,"(40.7127492, -74.0059945)",era5,17.92,-5.00,10.52,7.39,5.66,0.99,0.01
2024-03-07 16:00:00,"(40.7127492, -74.0059945)",era5,17.92,-5.00,10.74,7.37,5.70,1.00,0.01
2024-03-07 17:00:00,"(40.7127492, -74.0059945)",era5,17.92,-5.00,10.85,6.98,4.51,1.00,0.05
2024-03-07 18:00:00,"(40.7127492, -74.0059945)",era5,17.92,-5.00,10.72,6.60,4.14,1.00,0.03
2024-03-07 19:00:00,"(40.7127492, -74.0059945)",era5,17.92,-5.00,10.85,6.40,4.65,1.00,0.08
2024-03-07 20:00:00,"(40.7127492, -74.0059945)",era5,17.92,-5.00,10.97,5.89,4.94,0.96,0.01
2024-03-07 21:00:00,"(40.7127492, -74.0059945)",era5,17.92,-5.00,10.96,5.55,5.22,0.99,0.00
2024-03-07 22:00:00,"(40.7127492, -74.0059945)",era5,17.92,-5.00,10.49,4.96,4.91,0.99,0.00
2024-03-07 23:00:00,"(40.7127492, -74.0059945)",era5,17.92,-5.00,10.12,4.52,5.26,0.97,0.00
2024-03-08 00:00:00,"(40.7127492, -74.0059945)",era5,17.92,-5.00,9.59,4.16,5.52,0.93,0.00
2024-03-08 01:00:00,"(40.7127492, -74.0059945)",era5,17.92,-5.00,9.10,3.81,5.36,0.63,0.00
2024-03-08 02:00:00,"(40.7127492, -74.0059945)",era5,17.92,-5.00,8.49,3.53,5.34,0.28,0.00
2024-03-08 03:00:00,"(40.7127492, -74.0059945)",era5,17.92,-5.00,7.94,3.34,5.19,0.11,0.00
2024-03-08 04:00:00,"(40.7127492, -74.0059945)",era5,17.92,-5.00,7.45,3.22,4.84,0.01,0.00
2024-03-08 05:00:00,"(40.7127492, -74.0059945)",era5,17.92,-5.00,6.63,2.87,4.69,0.00,0.00
2024-03-08 06:00:00,"(40.7127492, -74.0059945)",era5,17.92,-5.00,6.19,2.55,4.68,0.01,0.00
2024-03-08 07:00:00,"(40.7127492, -74.0059945)",era5,17.92,-5.00,5.95,2.36,4.27,0.00,0.00
2024-03-08 08:00:00,"(40.7127492, -74.0059945)",era5,17.92,-5.00,4.95,1.72,3.50,0.00,0.00
2024-03-08 09:00:00,"(40.7127492, -74.0059945)",era5,17.92,-5.00,4.80,1.74,2.74,0.00,0.00
2024-03-08 10:00:00,"(40.7127492, -74.0059945)",era5,17.92,-5.00,4.21,1.31,3.07,0.00,0.00
2024-03-08 11:00:00,"(40.7127492, -74.0059945)",era5,17.92,-5.00,3.96,1.30,3.18,0.28,0.00
2024-03-08 12:00:00,"(40.7127492, -74.0059945)",era5,17.92,-5.00,3.87,1.18,3.84,0.93,0.00
2024-03-08 13:00:00,"(40.7127492, -74.0059945)",era5,17.92,-5.00,5.06,0.84,3.70,0.99,0.00
2024-03-08 14:00:00,"(40.7127492, -74.0059945)",era5,17.92,-5.00,6.59,0.27,3.97,0.98,0.00
2024-03-08 15:00:00,"(40.7127492, -74.0059945)",era5,17.92,-5.00,7.21,-0.59,3.65,0.99,0.00
2024-03-08 16:00:00,"(40.7127492, -74.0059945)",era5,17.92,-5.00,7.82,-0.64,2.96,0.91,0.00
2024-03-08 17:00:00,"(40.7127492, -74.0059945)",era5,17.92,-5.00,8.78,-0.39,2.23,0.96,0.00
2024-03-08 18:00:00,"(40.7127492, -74.0059945)",era5,17.92,-5.00,8.84,0.19,2.30,0.44,0.00
2024-03-08 19:00:00,"(40.7127492, -74.0059945)",era5,17.92,-5.00,9.37,-0.16,1.80,0.31,0.00
2024-03-08 20:00:00,"(40.7127492, -74.0059945)",era5,17.92,-5.00,9.94,-0.39,1.81,0.40,0.00
2024-03-08 21:00:00,"(40.7127492, -74.0059945)",era5,17.92,-5.00,10.19,-0.45,2.52,0.87,0.00
2024-03-08 22:00:00,"(40.7127492, -74.0059945)",era5,17.92,-5.00,9.20,-0.05,2.47,0.98,0.00
2024-03-08 23:00:00,"(40.7127492, -74.0059945)",era5,17.92,-5.00,8.56,0.75,2.88,1.00,0.00
2024-03-09 00:00:00,"(40.7127492, -74.0059945)",era5,17.92,-5.00,7.41,1.18,3.12,1.00,0.00
2024-03-09 01:00:00,"(40.7127492, -74.0059945)",era5,17.92,-5.00,6.89,1.08,3.66,0.99,0.00
2024-03-09 02:00:00,"(40.7127492, -74.0059945)",era5,17.92,-5.00,6.41,1.28,3.61,0.97,0.00
2024-03-09 03:00:00,"(40.7127492, -74.0059945)",era5,17.92,-5.00,6.11,1.81,2.79,1.00,0.00
2024-03-09 04:00:00,"(40.7127492, -74.0059945)",era5,17.92,-5.00,5.90,2.03,2.98,1.00,0.00
2024-03-09 05:00:00,"(40.7127492, -74.0059945)",era5,17.92,-5.00,5.68,2.24,2.88,1.00,0.00
2024-03-09 06:00:00,"(40.7127492, -74.0059945)",era5,17.92,-5.00,5.44,2.35,2.79,1.00,0.00
2024-03-09 07:00:00,"(40.7127492, -74.0059945)",era5,17.92,-5.00,5.18,2.17,2.72,1.00,0.00
2024-03-09 08:00:00,"(40.7127492, -74.0059945)",era5,17.92,-5.00,4.93,1.87,3.03,1.00,0.00
2024-03-09 09:00:00,"(40.7127492, -74.0059945)",era5,17.92,-5.00,4.89,1.66,3.24,1.00,0.00
2024-03-09 10:00:00,"(40.7127492, -74.0059945)",era5,17.92,-5.00,5.08,1.54,3.01,1.00,0.00
2024-03-09 11:00:00,"(40.7127492, -74.0059945)",era5,17.92,-5.00,5.01,1.49,3.51,1.00,0.00
2024-03-09 12:00:00,"(40.7127492, -74.0059945)",era5,17.92,-5.00,4.96,1.41,3.68,1.00,0.00
2024-03-09 13:00:00,"(40.7127492, -74.0059945)",era5,17.92,-5.00,5.06,1.44,3.89,1.00,0.02
2024-03-09 14:00:00,"(40.7127492, -74.0059945)",era5,17.92,-5.00,5.33,1.65,4.98,1.00,0.02
2024-03-09 15:00:00,"(40.7127492, -74.0059945)",era5,17.92,-5.00,5.53,1.91,5.40,1.00,0.00
2024-03-09 16:00:00,"(40.7127492, -74.0059945)",era5,17.92,-5.00,5.59,2.28,5.24,1.00,0.00
2024-03-09 17:00:00,"(40.7127492, -74.0059945)",era5,17.92,-5.00,5.66,2.82,5.50,1.00,0.00
2024-03-09 18:00:00,"(40.7127492, -74.0059945)",era5,17.92,-5.00,5.65,3.27,6.16,1.00,0.00
2024-03-09 19:00:00,"(40.7127492, -74.0059945)",era5,17.92,-5.00,5.63,3.47,6.20,1.00,0.09
2024-03-09 20:00:00,"(40.7127492, -74.0059945)",era5,17.92,-5.00,5.92,3.90,5.39,1.00,0.64
2024-03-09 21:00:00,"(40.7127492, -74.0059945)",era5,17.92,-5.00,5.93,4.16,6.13,1.00,1.08
2024-03-09 22:00:00,"(40.7127492, -74.0059945)",era5,17.92,-5.00,6.32,4.89,6.21,1.00,0.58
2024-03-09 23:00:00,"(40.7127492, -74.0059945)",era5,17.92,-5.00,6.50,5.05,7.05,1.00,1.08
2024-03-10 00:00:00,"(40.7127492, -74.0059945)",era5,17.92,-5.00,6.71,5.33,7.08,1.00,1.70
2024-03-10 01:00:00,"(40.7127492, -74.0059945)",era5,17.92,-5.00,6.92,5.64,7.12,1.00,1.95
2024-03-10 02:00:00,"(40.7127492, -74.0059945)",era5,17.92,-5.00,7.68,6.49,7.60,1.00,2.69
2024-03-10 03:00:00,"(40.7127492, -74.0059945)",era5,17.92,-5.00,8.38,7.06,4.53,1.00,3.48
2024-03-10 04:00:00,"(40.7127492, -74.0059945)",era5,17.92,-5.00,9.07,7.64,2.58,1.00,4.90
2024-03-10 05:00:00,"(40.7127492, -74.0059945)",era5,17.92,-5.00,9.18,7.81,2.95,1.00,6.68
2024-03-10 06:00:00,"(40.7127492, -74.0059945)",era5,17.92,-5.00,9.13,8.04,3.44,1.00,5.33
2024-03-10 07:00:00,"(40.7127492, -74.0059945)",era5,17.92,-5.00,8.93,8.11,3.86,1.00,0.13
2024-03-10 08:00:00,"(40.7127492, -74.0059945)",era5,17.92,-5.00,8.46,7.67,5.47,1.00,0.00
2024-03-10 09:00:00,"(40.7127492, -74.0059945)",era5,17.92,-5.00,7.82,6.84,5.83,1.00,0.00
2024-03-10 10:00:00,"(40.7127492, -74.0059945)",era5,17.92,-5.00,6.80,4.99,5.33,0.85,0.00
2024-03-10 11:00:00,"(40.7127492, -74.0059945)",era5,17.92,-5.00,6.88,4.81,5.09,0.92,0.21
2024-03-10 12:00:00,"(40.7127492, -74.0059945)",era5,17.92,-5.00,7.18,4.71,5.30,0.61,0.48
2024-03-10 13:00:00,"(40.7127492, -74.0059945)",era5,17.92,-5.00,7.66,4.79,5.56,0.17,0.15
2024-03-10 14:00:00,"(40.7127492, -74.0059945)",era5,17.92,-5.00,8.32,3.88,6.36,0.34,0.00
2024-03-10 15:00:00,"(40.7127492, -74.0059945)",era5,17.92,-5.00,8.29,3.28,5.88,0.27,0.00
2024-03-10 16:00:00,"(40.7127492, -74.0059945)",era5,17.92,-5.00,8.46,2.27,6.37,0.63,0.00
2024-03-10 17:00:00,"(40.7127492, -74.0059945)",era5,17.92,-5.00,8.66,0.95,6.11,0.79,0.00
2024-03-10 18:00:00,"(40.7127492, -74.0059945)",era5,17.92,-5.00,8.35,0.86,6.67,0.68,0.02
2024-03-10 19:00:00,"(40.7127492, -74.0059945)",era5,17.92,-5.00,7.00,0.71,6.98,0.65,0.45
2024-03-10 20:00:00,"(40.7127492, -74.0059945)",era5,17.92,-5.00,6.96,0.43,6.86,0.65,0.25
2024-03-10 21:00:00,"(40.7127492, -74.0059945)",era5,17.92,-5.00,6.48,-0.54,7.43,0.92,0.44
2024-03-10 22:00:00,"(40.7127492, -74.0059945)",era5,17.92,-5.00,4.78,-0.53,6.37,0.88,0.03
2024-03-10 23:00:00,"(40.7127492, -74.0059945)",era5,17.92,-5.00,4.80,-0.63,6.43,0.93,0.00
2024-03-11 00:00:00,"(40.7127492, -74.0059945)",era5,17.92,-5.00,4.60,-0.67,7.10,0.83,0.01
2024-03-11 01:00:00,"(40.7127492, -74.0059945)",era5,17.92,-5.00,4.35,-0.78,6.98,0.01,0.01
2024-03-11 02:00:00,"(40.7127492, -74.0059945)",era5,17.92,-5.00,3.94,-1.69,7.19,0.02,0.00
2024-03-11 03:00:00,"(40.7127492, -74.0059945)",era5,17.92,-5.00,3.77,-3.14,7.56,0.81,0.00
2024-03-11 04:00:00,"(40.7127492, -74.0059945)",era5,17.92,-5.00,3.62,-3.13,6.60,0.06,0.00
2024-03-11 05:00:00,"(40.7127492, -74.0059945)",era5,17.92,-5.00,3.34,-3.23,6.54,0.63,0.00
2024-03-11 06:00:00,"(40.7127492, -74.0059945)",era5,17.92,-5.00,3.04,-3.42,6.19,0.72,0.00
2024-03-11 07:00:00,"(40.7127492, -74.0059945)",era5,17.92,-5.00,2.92,-3.42,7.01,0.45,0.00
2024-03-11 08:00:00,"(40.7127492, -74.0059945)",era5,17.92,-5.00,3.00,-3.29,7.05,0.07,0.00
2024-03-11 09:00:00,"(40.7127492, -74.0059945)",era5,17.92,-5.00,2.97,-3.17,7.41,0.04,0.00
2024-03-11 10:00:00,"(40.7127492, -74.0059945)",era5,17.92,-5.00,3.29,-3.72,7.39,0.08,0.00
2024-03-11 11:00:00,"(40.7127492, -74.0059945)",era5,17.92,-5.00,3.58,-3.51,8.02,0.13,0.00
2024-03-11 12:00:00,"(40.7127492, -74.0059945)",era5,17.92,-5.00,3.71,-3.28,8.12,0.01,0.00
2024-03-11 13:00:00,"(40.7127492, -74.0059945)",era5,17.92,-5.00,3.84,-4.03,8.82,0.09,0.00
2024-03-11 14:00:00,"(40.7127492, -74.0059945)",era5,17.92,-5.00,4.87,-4.33,11.54,0.59,0.00
2024-03-11 15:00:00,"(40.7127492, -74.0059945)",era5,17.92,-5.00,5.74,-4.49,11.64,0.63,0.00
2024-03-11 16:00:00,"(40.7127492, -74.0059945)",era5,17.92,-5.00,6.68,-5.01,10.74,0.33,0.00
2024-03-11 17:00:00,"(40.7127492, -74.0059945)",era5,17.92,-5.00,7.85,-5.91,9.61,0.05,0.00
2024-03-11 18:00:00,"(40.7127492, -74.0059945)",era5,17.92,-5.00,8.72,-6.35,9.17,0.01,0.00
2024-03-11 19:00:00,"(40.7127492, -74.0059945)",era5,17.92,-5.00,9.71,-6.99,9.21,0.00,0.00
2024-03-11 20:00:00,"(40.7127492, -74.0059945)",era5,17.92,-5.00,10.50,-7.52,8.98,0.02,0.00
2024-03-11 21:00:00,"(40.7127492, -74.0059945)",era5,17.92,-5.00,10.74,-7.42,8.15,0.00,0.00
2024-03-11 22:00:00,"(40.7127492, -74.0059945)",era5,17.92,-5.00,10.37,-7.79,5.58,0.00,0.00
2024-03-11 23:00:00,"(40.7127492, -74.0059945)",era5,17.92,-5.00,9.82,-7.58,5.70,0.00,0.00
2024-03-12 00:00:00,"(40.7127492, -74.0059945)",era5,17.92,-5.00,9.08,-6.82,6.19,0.00,0.00
2024-03-12 01:00:00,"(40.7127492, -74.0059945)",era5,17.92,-5.00,8.48,-6.31,6.16,0.00,0.00
2024-03-12 02:00:00,"(40.7127492, -74.0059945)",era5,17.92,-5.00,7.88,-5.84,6.30,0.00,0.00
2024-03-12 03:00:00,"(40.7127492, -74.0059945)",era5,17.92,-5.00,7.57,-5.49,6.04,0.00,0.00
2024-03-12 04:00:00,"(40.7127492, -74.0059945)",era5,17.92,-5.00,7.37,-5.59,5.62,0.00,0.00
2024-03-12 05:00:00,"(40.7127492, -74.0059945)",era5,17.92,-5.00,6.88,-5.62,5.43,0.00,0.00
2024-03-12 06:00:00,"(40.7127492, -74.0059945)",era5,17.92,-5.00,6.52,-5.36,4.79,0.00,0.00
2024-03-12 07:00:00,"(40.7127492, -74.0059945)",era5,17.92,-5.00,6.40,-5.09,3.93,0.00,0.00
2024-03-12 08:00:00,"(40.7127492, -74.0059945)",era5,17.92,-5.00,5.97,-4.46,3.61,0.00,0.00
2024-03-12 09:00:00,"(40.7127492, -74.0059945)",era5,17.92,-5.00,5.76,-4.13,3.97,0.02,0.00
2024-03-12 10:00:00,"(40.7127492, -74.0059945)",era5,17.92,-5.00,5.38,-3.63,4.00,0.03,0.00
2024-03-12 11:00:00,"(40.7127492, -74.0059945)",era5,17.92,-5.00,5.36,-3.34,4.18,0.00,0.00
2024-03-12 12:00:00,"(40.7127492, -74.0059945)",era5,17.92,-5.00,5.33,-3.11,4.36,0.02,0.00
2024-03-12 13:00:00,"(40.7127492, -74.0059945)",era5,17.92,-5.00,6.76,-3.04,4.17,0.03,0.00
2024-03-12 14:00:00,"(40.7127492, -74.0059945)",era5,17.92,-5.00,9.99,-2.09,4.57,0.06,0.00
2024-03-12 15:00:00,"(40.7127492, -74.0059945)",era5,17.92,-5.00,11.51,-1.06,4.93,0.00,0.00
2024-03-12 16:00:00,"(40.7127492, -74.0059945)",era5,17.92,-5.00,12.42,-0.54,5.19,0.00,0.00
2024-03-12 17:00:00,"(40.7127492, -74.0059945)",era5,17.92,-5.00,13.98,0.20,5.24,0.00,0.00
2024-03-12 18:00:00,"(40.7127492, -74.0059945)",era5,17.92,-5.00,15.08,0.61,5.35,0.04,0.00
2024-03-12 19:00:00,"(40.7127492, -74.0059945)",era5,17.92,-5.00,15.76,0.55,5.37,0.10,0.00
2024-03-12 20:00:00,"(40.7127492, -74.0059945)",era5,17.92,-5.00,16.62,0.60,4.97,0.17,0.00
2024-03-12 21:00:00,"(40.7127492, -74.0059945)",era5,17.92,-5.00,16.70,1.04,3.97,0.26,0.00
2024-03-12 22:00:00,"(40.7127492, -74.0059945)",era5,17.92,-5.00,15.61,1.14,2.79,0.09,0.00
2024-03-12 23:00:00,"(40.7127492, -74.0059945)",era5,17.92,-5.00,15.25,1.79,2.38,0.27,0.00
2024-03-13 00:00:00,"(40.7127492, -74.0059945)",era5,17.92,-5.00,13.35,2.03,2.26,0.42,0.00
2024-03-13 01:00:00,"(40.7127492, -74.0059945)",era5,17.92,-5.00,12.18,2.72,2.10,0.68,0.00
2024-03-13 02:00:00,"(40.7127492, -74.0059945)",era5,17.92,-5.00,10.64,2.92,2.30,0.37,0.00
2024-03-13 03:00:00,"(40.7127492, -74.0059945)",era5,17.92,-5.00,10.14,3.50,2.47,0.17,0.00
2024-03-13 04:00:00,"(40.7127492, -74.0059945)",era5,17.92,-5.00,9.25,3.45,2.32,0.26,0.00
2024-03-13 05:00:00,"(40.7127492, -74.0059945)",era5,17.92,-5.00,7.90,3.28,2.04,0.29,0.00
2024-03-13 06:00:00,"(40.7127492, -74.0059945)",era5,17.92,-5.00,7.53,3.43,2.00,0.09,0.00
2024-03-13 07:00:00,"(40.7127492, -74.0059945)",era5,17.92,-5.00,7.02,3.31,1.88,0.01,0.00
2024-03-13 08:00:00,"(40.7127492, -74.0059945)",era5,17.92,-5.00,6.16,3.06,1.69,0.01,0.00
2024-03-13 09:00:00,"(40.7127492, -74.0059945)",era5,17.92,-5.00,6.07,2.89,1.67,0.11,0.00
2024-03-13 10:00:00,"(40.7127492, -74.0059945)",era5,17.92,-5.00,5.75,2.25,0.63,0.21,0.00
2024-03-13 11:00:00,"(40.7127492, -74.0059945)",era5,17.92,-5.00,5.76,1.90,1.33,0.82,0.00
2024-03-13 12:00:00,"(40.7127492, -74.0059945)",era5,17.92,-5.00,6.21,2.28,1.84,0.90,0.00
2024-03-13 13:00:00,"(40.7127492, -74.0059945)",era5,17.92,-5.00,7.26,2.79,1.19,0.91,0.00
2024-03-13 14:00:00,"(40.7127492, -74.0059945)",era5,17.92,-5.00,9.59,2.87,1.46,0.86,0.00
2024-03-13 15:00:00,"(40.7127492, -74.0059945)",era5,17.92,-5.00,10.48,1.84,1.96,0.90,0.00
2024-03-13 16:00:00,"(40.7127492, -74.0059945)",era5,17.92,-5.00,12.02,1.32,2.46,0.90,0.00
2024-03-13 17:00:00,"(40.7127492, -74.0059945)",era5,17.92,-5.00,13.52,1.27,2.85,0.75,0.00
2024-03-13 18:00:00,"(40.7127492, -74.0059945)",era5,17.92,-5.00,13.81,2.01,3.06,0.73,0.00
2024-03-13 19:00:00,"(40.7127492, -74.0059945)",era5,17.92,-5.00,14.34,2.66,3.13,0.66,0.00
2024-03-13 20:00:00,"(40.7127492, -74.0059945)",era5,17.92,-5.00,14.14,3.16,2.80,0.54,0.00
2024-03-13 21:00:00,"(40.7127492, -74.0059945)",era5,17.92,-5.00,14.15,3.65,2.69,0.09,0.00
2024-03-13 22:00:00,"(40.7127492, -74.0059945)",era5,17.92,-5.00,12.33,4.13,3.09,0.09,0.00
2024-03-13 23:00:00,"(40.7127492, -74.0059945)",era5,17.92,-5.00,11.61,4.61,2.89,0.01,0.00
2024-03-14 00:00:00,"(40.7127492, -74.0059945)",era5,17.92,-5.00,10.38,4.84,2.50,0.00,0.00
2024-03-14 01:00:00,"(40.7127492, -74.0059945)",era5,17.92,-5.00,9.98,5.13,2.02,0.00,0.00
2024-03-14 02:00:00,"(40.7127492, -74.0059945)",era5,17.92,-5.00,9.40,4.85,2.31,0.01,0.00
2024-03-14 03:00:00,"(40.7127492, -74.0059945)",era5,17.92,-5.00,9.35,4.33,2.29,0.06,0.00
2024-03-14 04:00:00,"(40.7127492, -74.0059945)",era5,17.92,-5.00,9.61,4.16,2.63,0.01,0.00
2024-03-14 05:00:00,"(40.7127492, -74.0059945)",era5,17.92,-5.00,8.75,3.81,2.74,0.05,0.00
2024-03-14 06:00:00,"(40.7127492, -74.0059945)",era5,17.92,-5.00,8.28,4.07,2.63,0.00,0.00
2024-03-14 07:00:00,"(40.7127492, -74.0059945)",era5,17.92,-5.00,7.59,4.11,2.26,0.01,0.00
2024-03-14 08:00:00,"(40.7127492, -74.0059945)",era5,17.92,-5.00,7.22,4.08,1.67,0.02,0.00
2024-03-14 09:00:00,"(40.7127492, -74.0059945)",era5,17.92,-5.00,6.82,3.81,1.45,0.07,0.00
2024-03-14 10:00:00,"(40.7127492, -74.0059945)",era5,17.92,-5.00,6.32,3.61,1.81,0.04,0.00
2024-03-14 11:00:00,"(40.7127492, -74.0059945)",era5,17.92,-5.00,6.71,3.73,1.95,0.62,0.00
2024-03-14 12:00:00,"(40.7127492, -74.0059945)",era5,17.92,-5.00,6.91,3.95,1.19,0.99,0.00
2024-03-14 13:00:00,"(40.7127492, -74.0059945)",era5,17.92,-5.00,8.25,4.86,0.84,0.97,0.00
2024-03-14 14:00:00,"(40.7127492, -74.0059945)",era5,17.92,-5.00,12.05,5.20,0.46,0.17,0.00
2024-03-14 15:00:00,"(40.7127492, -74.0059945)",era5,17.92,-5.00,15.50,5.07,0.52,0.01,0.00
2024-03-14 16:00:00,"(40.7127492, -74.0059945)",era5,17.92,-5.00,17.27,4.73,0.12,0.02,0.00
2024-03-14 17:00:00,"(40.7127492, -74.0059945)",era5,17.92,-5.00,19.37,3.87,0.77,0.05,0.00
2024-03-14 18:00:00,"(40.7127492, -74.0059945)",era5,17.92,-5.00,19.37,3.85,1.15,0.41,0.00
2024-03-14 19:00:00,"(40.7127492, -74.0059945)",era5,17.92,-5.00,19.60,3.95,1.35,0.44,0.00
2024-03-14 20:00:00,"(40.7127492, -74.0059945)",era5,17.92,-5.00,19.52,3.83,1.63,0.35,0.00
2024-03-14 21:00:00,"(40.7127492, -74.0059945)",era5,17.92,-5.00,17.40,5.44,2.17,0.59,0.00
2024-03-14 22:00:00,"(40.7127492, -74.0059945)",era5,17.92,-5.00,16.03,6.26,3.63,0.74,0.00
2024-03-14 23:00:00,"(40.7127492, -74.0059945)",era5,17.92,-5.00,14.83,6.54,3.72,0.64,0.00
2024-03-15 00:00:00,"(40.7127492, -74.0059945)",era5,17.92,-5.00,13.35,5.51,3.45,0.96,0.00
2024-03-15 01:00:00,"(40.7127492, -74.0059945)",era5,17.92,-5.00,12.71,5.07,2.92,1.00,0.00
2024-03-15 02:00:00,"(40.7127492, -74.0059945)",era5,17.92,-5.00,12.09,4.61,3.10,0.52,0.00
2024-03-15 03:00:00,"(40.7127492, -74.0059945)",era5,17.92,-5.00,11.86,4.63,2.99,0.82,0.00
2024-03-15 04:00:00,"(40.7127492, -74.0059945)",era5,17.92,-5.00,12.27,4.88,3.02,0.97,0.08
2024-03-15 05:00:00,"(40.7127492, -74.0059945)",era5,17.92,-5.00,12.23,5.28,3.81,1.00,0.00
2024-03-15 06:00:00,"(40.7127492, -74.0059945)",era5,17.92,-5.00,12.29,5.51,4.42,1.00,0.00
2024-03-15 07:00:00,"(40.7127492, -74.0059945)",era5,17.92,-5.00,12.12,5.99,4.99,0.99,0.15
2024-03-15 08:00:00,"(40.7127492, -74.0059945)",era5,17.92,-5.00,12.40,6.58,4.56,1.00,0.12
2024-03-15 09:00:00,"(40.7127492, -74.0059945)",era5,17.92,-5.00,12.54,6.45,4.09,1.00,0.18
2024-03-15 10:00:00,"(40.7127492, -74.0059945)",era5,17.92,-5.00,13.04,6.83,4.06,1.00,0.40
2024-03-15 11:00:00,"(40.7127492, -74.0059945)",era5,17.92,-5.00,12.79,6.93,4.16,1.00,0.01
2024-03-15 12:00:00,"(40.7127492, -74.0059945)",era5,17.92,-5.00,12.49,6.84,4.33,1.00,0.01
2024-03-15 13:00:00,"(40.7127492, -74.0059945)",era5,17.92,-5.00,12.70,6.78,4.44,1.00,0.00
2024-03-15 14:00:00,"(40.7127492, -74.0059945)",era5,17.92,-5.00,14.20,8.28,3.87,0.98,0.04
2024-03-15 15:00:00,"(40.7127492, -74.0059945)",era5,17.92,-5.00,15.44,9.01,3.83,1.00,0.10
2024-03-15 16:00:00,"(40.7127492, -74.0059945)",era5,17.92,-5.00,17.23,9.94,3.60,1.00,0.13
2024-03-15 17:00:00,"(40.7127492, -74.0059945)",era5,17.92,-5.00,17.90,10.40,4.18,1.00,0.02
2024-03-15 18:00:00,"(40.7127492, -74.0059945)",era5,17.92,-5.00,19.04,10.29,4.15,0.89,0.03
2024-03-15 19:00:00,"(40.7127492, -74.0059945)",era5,17.92,-5.00,18.68,9.17,4.79,1.00,0.00
2024-03-15 20:00:00,"(40.7127492, -74.0059945)",era5,17.92,-5.00,18.08,7.46,4.59,1.00,0.00
2024-03-15 21:00:00,"(40.7127492, -74.0059945)",era5,17.92,-5.00,16.98,6.88,4.33,0.98,0.00
2024-03-15 22:00:00,"(40.7127492, -74.0059945)",era5,17.92,-5.00,15.06,5.99,3.61,0.90,0.00
2024-03-15 23:00:00,"(40.7127492, -74.0059945)",era5,17.92,-5.00,13.71,5.55,3.50,0.71,0.00
2024-03-16 00:00:00,"(40.7127492, -74.0059945)",era5,17.92,-5.00,12.78,5.58,3.23,0.90,0.00
2024-03-16 01:00:00,"(40.7127492, -74.0059945)",era5,17.92,-5.00,12.09,5.58,3.20,0.74,0.00
2024-03-16 02:00:00,"(40.7127492, -74.0059945)",era5,17.92,-5.00,11.12,5.39,3.15,0.69,0.00
2024-03-16 03:00:00,"(40.7127492, -74.0059945)",era5,17.92,-5.00,10.89,5.52,2.69,0.63,0.00
2024-03-16 04:00:00,"(40.7127492, -74.0059945)",era5,17.92,-5.00,10.55,5.55,2.23,0.69,0.00
2024-03-16 05:00:00,"(40.7127492, -74.0059945)",era5,17.92,-5.00,9.34,5.28,1.73,0.33,0.00
2024-03-16 06:00:00,"(40.7127492, -74.0059945)",era5,17.92,-5.00,8.77,4.97,1.59,0.14,0.00
2024-03-16 07:00:00,"(40.7127492, -74.0059945)",era5,17.92,-5.00,8.61,4.57,1.81,0.34,0.00
2024-03-16 08:00:00,"(40.7127492, -74.0059945)",era5,17.92,-5.00,8.30,4.21,1.92,0.26,0.00
2024-03-16 09:00:00,"(40.7127492, -74.0059945)",era5,17.92,-5.00,7.86,4.07,2.00,0.28,0.00
2024-03-16 10:00:00,"(40.7127492, -74.0059945)",era5,17.92,-5.00,6.67,3.47,2.04,0.22,0.00
2024-03-16 11:00:00,"(40.7127492, -74.0059945)",era5,17.92,-5.00,6.27,3.18,2.19,0.34,0.00
2024-03-16 12:00:00,"(40.7127492, -74.0059945)",era5,17.92,-5.00,6.37,3.12,2.20,0.25,0.00
2024-03-16 13:00:00,"(40.7127492, -74.0059945)",era5,17.92,-5.00,7.43,3.30,1.97,0.34,0.00
2024-03-16 14:00:00,"(40.7127492, -74.0059945)",era5,17.92,-5.00,9.10,3.30,1.62,0.31,0.00
2024-03-16 15:00:00,"(40.7127492, -74.0059945)",era5,17.92,-5.00,9.98,3.75,1.53,0.32,0.00
2024-03-16 16:00:00,"(40.7127492, -74.0059945)",era5,17.92,-5.00,10.86,3.02,2.58,0.83,0.00
2024-03-16 17:00:00,"(40.7127492, -74.0059945)",era5,17.92,-5.00,11.90,2.40,3.09,0.93,0.00
2024-03-16 18:00:00,"(40.7127492, -74.0059945)",era5,17.92,-5.00,12.53,2.28,3.20,0.96,0.00
2024-03-16 19:00:00,"(40.7127492, -74.0059945)",era5,17.92,-5.00,12.99,1.57,3.48,0.82,0.00
2024-03-16 20:00:00,"(40.7127492, -74.0059945)",era5,17.92,-5.00,13.25,1.96,3.67,0.64,0.00
2024-03-16 21:00:00,"(40.7127492, -74.0059945)",era5,17.92,-5.00,13.21,2.33,3.46,0.62,0.00
2024-03-16 22:00:00,"(40.7127492, -74.0059945)",era5,17.92,-5.00,12.41,2.84,2.84,0.25,0.00
2024-03-16 23:00:00,"(40.7127492, -74.0059945)",era5,17.92,-5.00,11.97,3.71,2.65,0.32,0.00
2024-03-17 00:00:00,"(40.7127492, -74.0059945)",era5,17.92,-5.00,11.59,3.41,2.71,0.17,0.00
2024-03-17 01:00:00,"(40.7127492, -74.0059945)",era5,17.92,-5.00,10.96,2.98,2.88,0.03,0.00
2024-03-17 02:00:00,"(40.7127492, -74.0059945)",era5,17.92,-5.00,10.31,3.20,3.60,0.00,0.00
2024-03-17 03:00:00,"(40.7127492, -74.0059945)",era5,17.92,-5.00,10.06,3.45,4.05,0.00,0.00
2024-03-17 04:00:00,"(40.7127492, -74.0059945)",era5,17.92,-5.00,9.76,3.76,4.32,0.46,0.00
2024-03-17 05:00:00,"(40.7127492, -74.0059945)",era5,17.92,-5.00,9.48,4.06,4.84,0.82,0.00
2024-03-17 06:00:00,"(40.7127492, -74.0059945)",era5,17.92,-5.00,9.27,4.42,4.82,0.84,0.00
2024-03-17 07:00:00,"(40.7127492, -74.0059945)",era5,17.92,-5.00,9.26,4.60,4.53,0.99,0.00
2024-03-17 08:00:00,"(40.7127492, -74.0059945)",era5,17.92,-5.00,9.33,5.19,5.28,0.93,0.05
2024-03-17 09:00:00,"(40.7127492, -74.0059945)",era5,17.92,-5.00,9.42,5.94,4.89,0.60,0.00
2024-03-17 10:00:00,"(40.7127492, -74.0059945)",era5,17.92,-5.00,9.79,6.48,3.86,0.56,0.00
2024-03-17 11:00:00,"(40.7127492, -74.0059945)",era5,17.92,-5.00,10.10,6.64,3.38,0.61,0.00
2024-03-17 12:00:00,"(40.7127492, -74.0059945)",era5,17.92,-5.00,10.20,6.65,3.49,0.51,0.00
2024-03-17 13:00:00,"(40.7127492, -74.0059945)",era5,17.92,-5.00,10.53,5.70,2.96,0.41,0.00
2024-03-17 14:00:00,"(40.7127492, -74.0059945)",era5,17.92,-5.00,11.53,4.15,3.97,0.04,0.00
2024-03-17 15:00:00,"(40.7127492, -74.0059945)",era5,17.92,-5.00,12.74,2.27,5.85,0.02,0.00
2024-03-17 16:00:00,"(40.7127492, -74.0059945)",era5,17.92,-5.00,13.27,1.46,6.72,0.13,0.00
2024-03-17 17:00:00,"(40.7127492, -74.0059945)",era5,17.92,-5.00,14.18,0.39,6.88,0.51,0.00
2024-03-17 18:00:00,"(40.7127492, -74.0059945)",era5,17.92,-5.00,14.59,0.26,6.77,0.73,0.00
2024-03-17 19:00:00,"(40.7127492, -74.0059945)",era5,17.92,-5.00,14.75,0.15,7.16,0.68,0.00
2024-03-17 20:00:00,"(40.7127492, -74.0059945)",era5,17.92,-5.00,14.73,-0.08,6.35,0.41,0.00
2024-03-17 21:00:00,"(40.7127492, -74.0059945)",era5,17.92,-5.00,14.84,0.11,5.45,0.32,0.00
2024-03-17 22:00:00,"(40.7127492, -74.0059945)",era5,17.92,-5.00,13.86,-0.68,3.25,0.10,0.00
2024-03-17 23:00:00,"(40.7127492, -74.0059945)",era5,17.92,-5.00,13.04,-0.55,2.41,0.41,0.00
2024-03-18 00:00:00,"(40.7127492, -74.0059945)",era5,17.92,-5.00,12.10,-0.21,2.50,0.49,0.00
2024-03-18 01:00:00,"(40.7127492, -74.0059945)",era5,17.92,-5.00,11.58,-0.10,2.34,0.62,0.00
2024-03-18 02:00:00,"(40.7127492, -74.0059945)",era5,17.92,-5.00,10.63,0.40,1.60,0.75,0.00
2024-03-18 03:00:00,"(40.7127492, -74.0059945)",era5,17.92,-5.00,10.22,0.74,1.84,0.80,0.00
2024-03-18 04:00:00,"(40.7127492, -74.0059945)",era5,17.92,-5.00,9.87,0.92,2.17,0.99,0.00
2024-03-18 05:00:00,"(40.7127492, -74.0059945)",era5,17.92,-5.00,8.76,1.11,2.99,0.98,0.00
2024-03-18 06:00:00,"(40.7127492, -74.0059945)",era5,17.92,-5.00,7.90,1.17,3.09,0.89,0.00
2024-03-18 07:00:00,"(40.7127492, -74.0059945)",era5,17.92,-5.00,7.65,1.22,2.55,1.00,0.00
2024-03-18 08:00:00,"(40.7127492, -74.0059945)",era5,17.92,-5.00,7.36,0.94,2.18,1.00,0.00
2024-03-18 09:00:00,"(40.7127492, -74.0059945)",era5,17.92,-5.00,7.17,0.68,2.26,0.98,0.00
2024-03-18 10:00:00,"(40.7127492, -74.0059945)",era5,17.92,-5.00,6.70,-0.35,2.45,0.74,0.00
2024-03-18 11:00:00,"(40.7127492, -74.0059945)",era5,17.92,-5.00,6.52,-0.65,3.03,0.31,0.00
2024-03-18 12:00:00,"(40.7127492, -74.0059945)",era5,17.92,-5.00,6.32,-1.38,3.39,0.24,0.00
2024-03-18 13:00:00,"(40.7127492, -74.0059945)",era5,17.92,-5.00,6.36,-2.57,4.25,0.34,0.00
2024-03-18 14:00:00,"(40.7127492, -74.0059945)",era5,17.92,-5.00,6.97,-3.15,4.67,0.52,0.00
2024-03-18 15:00:00,"(40.7127492, -74.0059945)",era5,17.92,-5.00,7.75,-4.05,4.93,0.60,0.00
2024-03-18 16:00:00,"(40.7127492, -74.0059945)",era5,17.92,-5.00,7.90,-4.20,5.02,0.93,0.00
2024-03-18 17:00:00,"(40.7127492, -74.0059945)",era5,17.92,-5.00,8.22,-4.49,5.04,1.00,0.00
2024-03-18 18:00:00,"(40.7127492, -74.0059945)",era5,17.92,-5.00,8.72,-4.60,5.23,1.00,0.00
2024-03-18 19:00:00,"(40.7127492, -74.0059945)",era5,17.92,-5.00,9.14,-4.62,5.27,0.96,0.00
2024-03-18 20:00:00,"(40.7127492, -74.0059945)",era5,17.92,-5.00,8.99,-5.12,5.20,0.94,0.00
2024-03-18 21:00:00,"(40.7127492, -74.0059945)",era5,17.92,-5.00,8.85,-4.94,5.19,0.85,0.00
2024-03-18 22:00:00,"(40.7127492, -74.0059945)",era5,17.92,-5.00,7.77,-5.21,5.00,0.82,0.00
2024-03-18 23:00:00,"(40.7127492, -74.0059945)",era5,17.92,-5.00,7.17,-4.71,5.16,0.01,0.00
2024-03-19 00:00:00,"(40.7127492, -74.0059945)",era5,17.92,-5.00,6.41,-4.26,5.17,0.00,0.00
2024-03-19 01:00:00,"(40.7127492, -74.0059945)",era5,17.92,-5.00,6.04,-4.02,4.74,0.01,0.00
2024-03-19 02:00:00,"(40.7127492, -74.0059945)",era5,17.92,-5.00,5.27,-4.05,4.52,0.01,0.00
2024-03-19 03:00:00,"(40.7127492, -74.0059945)",era5,17.92,-5.00,4.98,-3.95,4.22,0.04,0.00
2024-03-19 04:00:00,"(40.7127492, -74.0059945)",era5,17.92,-5.00,4.62,-3.91,4.15,0.12,0.00
2024-03-19 05:00:00,"(40.7127492, -74.0059945)",era5,17.92,-5.00,3.89,-3.50,4.17,0.06,0.00
2024-03-19 06:00:00,"(40.7127492, -74.0059945)",era5,17.92,-5.00,3.56,-3.37,4.29,0.00,0.00
2024-03-19 07:00:00,"(40.7127492, -74.0059945)",era5,17.92,-5.00,3.21,-3.37,4.57,0.00,0.00
2024-03-19 08:00:00,"(40.7127492, -74.0059945)",era5,17.92,-5.00,2.80,-3.35,4.67,0.00,0.00
2024-03-19 09:00:00,"(40.7127492, -74.0059945)",era5,17.92,-5.00,2.73,-3.25,4.71,0.00,0.00
2024-03-19 10:00:00,"(40.7127492, -74.0059945)",era5,17.92,-5.00,2.55,-3.88,4.32,0.02,0.00
2024-03-19 11:00:00,"(40.7127492, -74.0059945)",era5,17.92,-5.00,2.54,-4.25,4.70,0.00,0.00
2024-03-19 12:00:00,"(40.7127492, -74.0059945)",era5,17.92,-5.00,2.80,-5.38,5.08,0.01,0.00
2024-03-19 13:00:00,"(40.7127492, -74.0059945)",era5,17.92,-5.00,3.16,-6.01,6.33,0.12,0.00
2024-03-19 14:00:00,"(40.7127492, -74.0059945)",era5,17.92,-5.00,3.88,-6.17,6.87,0.66,0.00
2024-03-19 15:00:00,"(40.7127492, -74.0059945)",era5,17.92,-5.00,4.68,-6.60,6.55,0.94,0.00
2024-03-19 16:00:00,"(40.7127492, -74.0059945)",era5,17.92,-5.00,5.44,-6.65,6.51,1.00,0.00
2024-03-19 17:00:00,"(40.7127492, -74.0059945)",era5,17.92,-5.00,5.96,-6.74,6.43,1.00,0.00
2024-03-19 18:00:00,"(40.7127492, -74.0059945)",era5,17.92,-5.00,6.91,-6.43,6.33,0.99,0.00
2024-03-19 19:00:00,"(40.7127492, -74.0059945)",era5,17.92,-5.00,7.20,-6.19,6.12,1.00,0.00
2024-03-19 20:00:00,"(40.7127492, -74.0059945)",era5,17.92,-5.00,7.36,-5.98,6.06,1.00,0.00
2024-03-19 21:00:00,"(40.7127492, -74.0059945)",era5,17.92,-5.00,7.25,-5.50,5.97,1.00,0.00
2024-03-19 22:00:00,"(40.7127492, -74.0059945)",era5,17.92,-5.00,6.95,-5.21,5.16,1.00,0.00
2024-03-19 23:00:00,"(40.7127492, -74.0059945)",era5,17.92,-5.00,6.75,-4.85,4.46,1.00,0.00
2024-03-20 00:00:00,"(40.7127492, -74.0059945)",era5,17.92,-5.00,6.62,-4.01,4.47,1.00,0.00
2024-03-20 01:00:00,"(40.7127492, -74.0059945)",era5,17.92,-5.00,6.25,-3.17,4.10,1.00,0.04
2024-03-20 02:00:00,"(40.7127492, -74.0059945)",era5,17.92,-5.00,5.52,-1.90,2.93,1.00,0.04
2024-03-20 03:00:00,"(40.7127492, -74.0059945)",era5,17.92,-5.00,5.42,-1.12,2.42,0.98,0.00
2024-03-20 04:00:00,"(40.7127492, -74.0059945)",era5,17.92,-5.00,5.14,-0.58,2.66,0.95,0.00
2024-03-20 05:00:00,"(40.7127492, -74.0059945)",era5,17.92,-5.00,4.72,-0.56,3.20,0.64,0.00
2024-03-20 06:00:00,"(40.7127492, -74.0059945)",era5,17.92,-5.00,4.68,-0.25,3.37,0.24,0.00
2024-03-20 07:00:00,"(40.7127492, -74.0059945)",era5,17.92,-5.00,5.01,0.09,3.57,0.75,0.00
2024-03-20 08:00:00,"(40.7127492, -74.0059945)",era5,17.92,-5.00,5.28,0.44,3.94,0.60,0.00
2024-03-20 09:00:00,"(40.7127492, -74.0059945)",era5,17.92,-5.00,5.23,0.35,4.45,0.59,0.00
2024-03-20 10:00:00,"(40.7127492, -74.0059945)",era5,17.92,-5.00,5.70,0.90,3.74,0.28,0.00
2024-03-20 11:00:00,"(40.7127492, -74.0059945)",era5,17.92,-5.00,5.75,0.63,4.12,0.04,0.00
2024-03-20 12:00:00,"(40.7127492, -74.0059945)",era5,17.92,-5.00,5.92,0.53,4.41,0.04,0.00
2024-03-20 13:00:00,"(40.7127492, -74.0059945)",era5,17.92,-5.00,6.43,0.09,3.35,0.12,0.00
2024-03-20 14:00:00,"(40.7127492, -74.0059945)",era5,17.92,-5.00,7.93,-0.43,2.70,0.91,0.00
2024-03-20 15:00:00,"(40.7127492, -74.0059945)",era5,17.92,-5.00,8.52,-1.18,2.81,1.00,0.00
2024-03-20 16:00:00,"(40.7127492, -74.0059945)",era5,17.92,-5.00,8.76,-0.83,3.12,0.99,0.24
2024-03-20 17:00:00,"(40.7127492, -74.0059945)",era5,17.92,-5.00,10.11,-0.43,2.69,1.00,0.00
2024-03-20 18:00:00,"(40.7127492, -74.0059945)",era5,17.92,-5.00,10.39,0.31,2.94,0.98,0.60
2024-03-20 19:00:00,"(40.7127492, -74.0059945)",era5,17.92,-5.00,10.81,0.96,4.03,0.84,0.32
2024-03-20 20:00:00,"(40.7127492, -74.0059945)",era5,17.92,-5.00,11.23,2.15,4.94,0.87,0.28
2024-03-20 21:00:00,"(40.7127492, -74.0059945)",era5,17.92,-5.00,9.74,3.42,3.57,0.94,0.00
2024-03-20 22:00:00,"(40.7127492, -74.0059945)",era5,17.92,-5.00,8.04,1.85,3.05,0.79,0.01
2024-03-20 23:00:00,"(40.7127492, -74.0059945)",era5,17.92,-5.00,6.19,2.02,7.22,0.56,0.44
2024-03-21 00:00:00,"(40.7127492, -74.0059945)",era5,17.92,-5.00,5.71,-1.10,6.83,0.29,0.03
2024-03-21 01:00:00,"(40.7127492, -74.0059945)",era5,17.92,-5.00,5.36,-1.83,7.55,0.08,0.00
2024-03-21 02:00:00,"(40.7127492, -74.0059945)",era5,17.92,-5.00,4.34,-4.84,6.98,0.01,0.00
2024-03-21 03:00:00,"(40.7127492, -74.0059945)",era5,17.92,-5.00,3.73,-6.19,6.99,0.00,0.00
2024-03-21 04:00:00,"(40.7127492, -74.0059945)",era5,17.92,-5.00,3.22,-6.88,6.33,0.00,0.00
2024-03-21 05:00:00,"(40.7127492, -74.0059945)",era5,17.92,-5.00,2.09,-7.97,6.08,0.00,0.00
2024-03-21 06:00:00,"(40.7127492, -74.0059945)",era5,17.92,-5.00,1.55,-8.27,5.58,0.00,0.00
2024-03-21 07:00:00,"(40.7127492, -74.0059945)",era5,17.92,-5.00,0.89,-8.72,5.85,0.00,0.00
2024-03-21 08:00:00,"(40.7127492, -74.0059945)",era5,17.92,-5.00,0.18,-9.29,6.09,0.00,0.00
2024-03-21 09:00:00,"(40.7127492, -74.0059945)",era5,17.92,-5.00,0.02,-9.12,5.87,0.00,0.00
2024-03-21 10:00:00,"(40.7127492, -74.0059945)",era5,17.92,-5.00,-0.39,-9.64,5.51,0.00,0.00
2024-03-21 11:00:00,"(40.7127492, -74.0059945)",era5,17.92,-5.00,-0.32,-9.47,5.28,0.00,0.00
2024-03-21 12:00:00,"(40.7127492, -74.0059945)",era5,17.92,-5.00,0.09,-9.95,5.86,0.22,0.00
2024-03-21 13:00:00,"(40.7127492, -74.0059945)",era5,17.92,-5.00,0.53,-9.57,6.94,0.55,0.00
2024-03-21 14:00:00,"(40.7127492, -74.0059945)",era5,17.92,-5.00,1.36,-9.62,6.65,0.96,0.00
2024-03-21 15:00:00,"(40.7127492, -74.0059945)",era5,17.92,-5.00,1.86,-9.62,6.59,0.98,0.00
2024-03-21 16:00:00,"(40.7127492, -74.0059945)",era5,17.92,-5.00,2.54,-9.55,6.65,0.99,0.00
2024-03-21 17:00:00,"(40.7127492, -74.0059945)",era5,17.92,-5.00,3.70,-9.33,6.81,0.94,0.00
2024-03-21 18:00:00,"(40.7127492, -74.0059945)",era5,17.92,-5.00,4.38,-9.38,6.92,0.53,0.00
2024-03-21 19:00:00,"(40.7127492, -74.0059945)",era5,17.92,-5.00,4.85,-9.37,6.89,0.14,0.00
2024-03-21 20:00:00,"(40.7127492, -74.0059945)",era5,17.92,-5.00,5.31,-9.76,6.88,0.17,0.00
2024-03-21 21:00:00,"(40.7127492, -74.0059945)",era5,17.92,-5.00,5.65,-9.44,6.73,0.01,0.00
2024-03-21 22:00:00,"(40.7127492, -74.0059945)",era5,17.92,-5.00,4.04,-10.08,5.55,0.00,0.00
2024-03-21 23:00:00,"(40.7127492, -74.0059945)",era5,17.92,-5.00,4.35,-9.38,4.27,0.00,0.00
2024-03-22 00:00:00,"(40.7127492, -74.0059945)",era5,17.92,-5.00,3.87,-8.85,3.56,0.00,0.00
2024-03-22 01:00:00,"(40.7127492, -74.0059945)",era5,17.92,-5.00,3.19,-8.47,3.19,0.00,0.00
2024-03-22 02:00:00,"(40.7127492, -74.0059945)",era5,17.92,-5.00,2.39,-8.53,3.25,0.00,0.00
2024-03-22 03:00:00,"(40.7127492, -74.0059945)",era5,17.92,-5.00,1.71,-8.40,3.05,0.00,0.00
2024-03-22 04:00:00,"(40.7127492, -74.0059945)",era5,17.92,-5.00,1.32,-8.80,2.72,0.00,0.00
2024-03-22 05:00:00,"(40.7127492, -74.0059945)",era5,17.92,-5.00,0.48,-8.82,2.68,0.00,0.00
2024-03-22 06:00:00,"(40.7127492, -74.0059945)",era5,17.92,-5.00,0.17,-8.72,2.90,0.00,0.00
2024-03-22 07:00:00,"(40.7127492, -74.0059945)",era5,17.92,-5.00,-0.24,-8.70,3.03,0.00,0.00
2024-03-22 08:00:00,"(40.7127492, -74.0059945)",era5,17.92,-5.00,-0.86,-9.06,3.08,0.00,0.00
2024-03-22 09:00:00,"(40.7127492, -74.0059945)",era5,17.92,-5.00,-1.18,-9.57,2.99,0.00,0.00
2024-03-22 10:00:00,"(40.7127492, -74.0059945)",era5,17.92,-5.00,-1.89,-9.72,2.89,0.00,0.00
2024-03-22 11:00:00,"(40.7127492, -74.0059945)",era5,17.92,-5.00,-1.88,-9.93,2.28,0.00,0.00
2024-03-22 12:00:00,"(40.7127492, -74.0059945)",era5,17.92,-5.00,-1.54,-9.77,2.06,0.00,0.00
2024-03-22 13:00:00,"(40.7127492, -74.0059945)",era5,17.92,-5.00,-0.78,-9.54,2.12,0.01,0.00
2024-03-22 14:00:00,"(40.7127492, -74.0059945)",era5,17.92,-5.00,0.41,-9.94,1.84,0.15,0.00
2024-03-22 15:00:00,"(40.7127492, -74.0059945)",era5,17.92,-5.00,1.16,-10.34,0.98,0.16,0.00
2024-03-22 16:00:00,"(40.7127492, -74.0059945)",era5,17.92,-5.00,1.78,-10.63,0.34,0.09,0.00
2024-03-22 17:00:00,"(40.7127492, -74.0059945)",era5,17.92,-5.00,3.40,-9.41,1.56,0.04,0.00
2024-03-22 18:00:00,"(40.7127492, -74.0059945)",era5,17.92,-5.00,4.03,-8.51,2.45,0.09,0.00
2024-03-22 19:00:00,"(40.7127492, -74.0059945)",era5,17.92,-5.00,4.41,-7.98,2.69,0.37,0.00
2024-03-22 20:00:00,"(40.7127492, -74.0059945)",era5,17.92,-5.00,4.25,-7.11,3.29,0.74,0.00
2024-03-22 21:00:00,"(40.7127492, -74.0059945)",era5,17.92,-5.00,4.11,-6.35,3.88,0.94,0.00
2024-03-22 22:00:00,"(40.7127492, -74.0059945)",era5,17.92,-5.00,4.18,-4.49,2.81,1.00,0.00
2024-03-22 23:00:00,"(40.7127492, -74.0059945)",era5,17.92,-5.00,4.36,-3.66,3.67,1.00,0.00
2024-03-23 00:00:00,"(40.7127492, -74.0059945)",era5,17.92,-5.00,4.54,-3.25,3.38,1.00,0.00
2024-03-23 01:00:00,"(40.7127492, -74.0059945)",era5,17.92,-5.00,4.77,-2.74,2.68,0.97,0.00
2024-03-23 02:00:00,"(40.7127492, -74.0059945)",era5,17.92,-5.00,4.93,-1.84,2.55,0.98,0.01
2024-03-23 03:00:00,"(40.7127492, -74.0059945)",era5,17.92,-5.00,5.19,-0.97,2.75,1.00,0.01
2024-03-23 04:00:00,"(40.7127492, -74.0059945)",era5,17.92,-5.00,5.08,-0.35,2.98,1.00,0.01
2024-03-23 05:00:00,"(40.7127492, -74.0059945)",era5,17.92,-5.00,4.81,0.55,3.44,1.00,0.01
2024-03-23 06:00:00,"(40.7127492, -74.0059945)",era5,17.92,-5.00,4.68,1.27,3.52,1.00,0.02
2024-03-23 07:00:00,"(40.7127492, -74.0059945)",era5,17.92,-5.00,4.54,2.14,3.79,1.00,0.05
2024-03-23 08:00:00,"(40.7127492, -74.0059945)",era5,17.92,-5.00,4.63,2.79,3.43,1.00,0.26
2024-03-23 09:00:00,"(40.7127492, -74.0059945)",era5,17.92,-5.00,4.74,3.00,3.05,1.00,0.96
2024-03-23 10:00:00,"(40.7127492, -74.0059945)",era5,17.92,-5.00,5.30,4.09,3.30,1.00,1.78
2024-03-23 11:00:00,"(40.7127492, -74.0059945)",era5,17.92,-5.00,5.58,4.51,2.81,1.00,2.20
2024-03-23 12:00:00,"(40.7127492, -74.0059945)",era5,17.92,-5.00,6.00,4.86,2.39,1.00,3.53
2024-03-23 13:00:00,"(40.7127492, -74.0059945)",era5,17.92,-5.00,6.57,5.38,1.43,1.00,4.48
2024-03-23 14:00:00,"(40.7127492, -74.0059945)",era5,17.92,-5.00,7.36,6.16,0.64,1.00,4.30
2024-03-23 15:00:00,"(40.7127492, -74.0059945)",era5,17.92,-5.00,7.98,6.59,1.41,1.00,4.65
2024-03-23 16:00:00,"(40.7127492, -74.0059945)",era5,17.92,-5.00,8.36,6.74,2.72,1.00,4.87
2024-03-23 17:00:00,"(40.7127492, -74.0059945)",era5,17.92,-5.00,8.26,6.79,3.71,1.00,5.38
2024-03-23 18:00:00,"(40.7127492, -74.0059945)",era5,17.92,-5.00,7.95,6.65,4.61,1.00,5.55
2024-03-23 19:00:00,"(40.7127492, -74.0059945)",era5,17.92,-5.00,8.11,6.28,4.62,1.00,5.19
2024-03-23 20:00:00,"(40.7127492, -74.0059945)",era5,17.92,-5.00,8.21,6.61,3.43,1.00,6.86
2024-03-23 21:00:00,"(40.7127492, -74.0059945)",era5,17.92,-5.00,7.74,6.23,7.21,1.00,5.61
2024-03-23 22:00:00,"(40.7127492, -74.0059945)",era5,17.92,-5.00,6.51,4.31,8.99,1.00,1.02
2024-03-23 23:00:00,"(40.7127492, -74.0059945)",era5,17.92,-5.00,5.95,3.47,7.98,1.00,0.07
2024-03-24 00:00:00,"(40.7127492, -74.0059945)",era5,17.92,-5.00,5.41,2.54,8.12,0.85,0.03
2024-03-24 01:00:00,"(40.7127492, -74.0059945)",era5,17.92,-5.00,4.61,1.26,7.99,0.55,0.00
2024-03-24 02:00:00,"(40.7127492, -74.0059945)",era5,17.92,-5.00,3.70,0.16,8.10,0.67,0.00
2024-03-24 03:00:00,"(40.7127492, -74.0059945)",era5,17.92,-5.00,3.03,-1.01,8.25,0.87,0.00
2024-03-24 04:00:00,"(40.7127492, -74.0059945)",era5,17.92,-5.00,2.59,-1.74,7.78,0.57,0.00
2024-03-24 05:00:00,"(40.7127492, -74.0059945)",era5,17.92,-5.00,1.87,-3.04,7.21,0.33,0.00
2024-03-24 06:00:00,"(40.7127492, -74.0059945)",era5,17.92,-5.00,1.58,-3.57,6.53,0.26,0.00
2024-03-24 07:00:00,"(40.7127492, -74.0059945)",era5,17.92,-5.00,1.34,-4.15,5.77,0.32,0.00
2024-03-24 08:00:00,"(40.7127492, -74.0059945)",era5,17.92,-5.00,1.06,-4.87,5.14,0.36,0.00
2024-03-24 09:00:00,"(40.7127492, -74.0059945)",era5,17.92,-5.00,0.69,-5.47,5.00,0.21,0.00
2024-03-24 10:00:00,"(40.7127492, -74.0059945)",era5,17.92,-5.00,0.26,-6.54,3.90,0.07,0.00
2024-03-24 11:00:00,"(40.7127492, -74.0059945)",era5,17.92,-5.00,0.13,-6.84,4.45,0.05,0.00
2024-03-24 12:00:00,"(40.7127492, -74.0059945)",era5,17.92,-5.00,0.24,-7.92,4.25,0.02,0.00
2024-03-24 13:00:00,"(40.7127492, -74.0059945)",era5,17.92,-5.00,0.77,-7.90,4.87,0.01,0.00
2024-03-24 14:00:00,"(40.7127492, -74.0059945)",era5,17.92,-5.00,2.02,-7.63,5.02,0.00,0.00
2024-03-24 15:00:00,"(40.7127492, -74.0059945)",era5,17.92,-5.00,2.78,-7.52,4.95,0.00,0.00
2024-03-24 16:00:00,"(40.7127492, -74.0059945)",era5,17.92,-5.00,3.78,-7.53,4.86,0.00,0.00
2024-03-24 17:00:00,"(40.7127492, -74.0059945)",era5,17.92,-5.00,4.77,-7.37,4.64,0.00,0.00
2024-03-24 18:00:00,"(40.7127492, -74.0059945)",era5,17.92,-5.00,5.80,-7.12,4.24,0.00,0.00
2024-03-24 19:00:00,"(40.7127492, -74.0059945)",era5,17.92,-5.00,6.50,-6.99,3.93,0.00,0.00
2024-03-24 20:00:00,"(40.7127492, -74.0059945)",era5,17.92,-5.00,7.44,-6.67,3.77,0.00,0.00
2024-03-24 21:00:00,"(40.7127492, -74.0059945)",era5,17.92,-5.00,7.72,-6.53,3.82,0.00,0.00
2024-03-24 22:00:00,"(40.7127492, -74.0059945)",era5,17.92,-5.00,7.42,-5.94,3.06,0.00,0.00
2024-03-24 23:00:00,"(40.7127492, -74.0059945)",era5,17.92,-5.00,7.34,-5.89,2.37,0.00,0.00
2024-03-25 00:00:00,"(40.7127492, -74.0059945)",era5,17.92,-5.00,6.40,-4.60,3.00,0.00,0.00
2024-03-25 01:00:00,"(40.7127492, -74.0059945)",era5,17.92,-5.00,5.59,-4.13,4.04,0.00,0.00
2024-03-25 02:00:00,"(40.7127492, -74.0059945)",era5,17.92,-5.00,4.46,-3.81,4.45,0.00,0.00
2024-03-25 03:00:00,"(40.7127492, -74.0059945)",era5,17.92,-5.00,4.13,-3.57,4.59,0.00,0.00
2024-03-25 04:00:00,"(40.7127492, -74.0059945)",era5,17.92,-5.00,3.34,-3.25,4.46,0.00,0.00
2024-03-25 05:00:00,"(40.7127492, -74.0059945)",era5,17.92,-5.00,2.79,-2.94,4.05,0.00,0.00
2024-03-25 06:00:00,"(40.7127492, -74.0059945)",era5,17.92,-5.00,2.59,-2.56,3.94,0.00,0.00
2024-03-25 07:00:00,"(40.7127492, -74.0059945)",era5,17.92,-5.00,2.26,-2.60,4.04,0.00,0.00
2024-03-25 08:00:00,"(40.7127492, -74.0059945)",era5,17.92,-5.00,1.91,-2.70,4.24,0.00,0.00
2024-03-25 09:00:00,"(40.7127492, -74.0059945)",era5,17.92,-5.00,1.71,-2.92,4.45,0.00,0.00
2024-03-25 10:00:00,"(40.7127492, -74.0059945)",era5,17.92,-5.00,1.50,-2.88,4.15,0.00,0.00
2024-03-25 11:00:00,"(40.7127492, -74.0059945)",era5,17.92,-5.00,1.38,-3.11,4.17,0.00,0.00
2024-03-25 12:00:00,"(40.7127492, -74.0059945)",era5,17.92,-5.00,2.00,-3.58,4.12,0.00,0.00
2024-03-25 13:00:00,"(40.7127492, -74.0059945)",era5,17.92,-5.00,2.87,-3.94,5.05,0.03,0.00
2024-03-25 14:00:00,"(40.7127492, -74.0059945)",era5,17.92,-5.00,4.54,-3.95,4.90,0.12,0.00
2024-03-25 15:00:00,"(40.7127492, -74.0059945)",era5,17.92,-5.00,5.37,-3.95,4.76,0.22,0.00
2024-03-25 16:00:00,"(40.7127492, -74.0059945)",era5,17.92,-5.00,6.05,-4.04,4.62,0.00,0.00
2024-03-25 17:00:00,"(40.7127492, -74.0059945)",era5,17.92,-5.00,7.23,-3.91,4.12,0.00,0.00
2024-03-25 18:00:00,"(40.7127492, -74.0059945)",era5,17.92,-5.00,7.93,-3.87,3.91,0.00,0.00
2024-03-25 19:00:00,"(40.7127492, -74.0059945)",era5,17.92,-5.00,8.73,-3.41,3.92,0.00,0.00
2024-03-25 20:00:00,"(40.7127492, -74.0059945)",era5,17.92,-5.00,9.57,-3.34,3.61,0.00,0.00
2024-03-25 21:00:00,"(40.7127492, -74.0059945)",era5,17.92,-5.00,10.12,-3.33,3.42,0.00,0.00
2024-03-25 22:00:00,"(40.7127492, -74.0059945)",era5,17.92,-5.00,10.09,-2.86,1.62,0.00,0.00
2024-03-25 23:00:00,"(40.7127492, -74.0059945)",era5,17.92,-5.00,9.78,-2.41,1.71,0.00,0.00
2024-03-26 00:00:00,"(40.7127492, -74.0059945)",era5,17.92,-5.00,8.57,-1.70,2.14,0.00,0.00
2024-03-26 01:00:00,"(40.7127492, -74.0059945)",era5,17.92,-5.00,7.93,-1.80,3.05,0.00,0.00
2024-03-26 02:00:00,"(40.7127492, -74.0059945)",era5,17.92,-5.00,6.96,-2.91,4.03,0.00,0.00
2024-03-26 03:00:00,"(40.7127492, -74.0059945)",era5,17.92,-5.00,6.17,-3.28,4.34,0.00,0.00
2024-03-26 04:00:00,"(40.7127492, -74.0059945)",era5,17.92,-5.00,5.31,-3.72,4.63,0.00,0.00
2024-03-26 05:00:00,"(40.7127492, -74.0059945)",era5,17.92,-5.00,4.36,-4.18,4.90,0.00,0.00
2024-03-26 06:00:00,"(40.7127492, -74.0059945)",era5,17.92,-5.00,4.12,-3.65,3.46,0.04,0.00
2024-03-26 07:00:00,"(40.7127492, -74.0059945)",era5,17.92,-5.00,3.85,-3.14,3.35,0.17,0.00
2024-03-26 08:00:00,"(40.7127492, -74.0059945)",era5,17.92,-5.00,3.65,-2.75,3.82,0.19,0.00
2024-03-26 09:00:00,"(40.7127492, -74.0059945)",era5,17.92,-5.00,3.65,-2.40,4.14,0.22,0.00
2024-03-26 10:00:00,"(40.7127492, -74.0059945)",era5,17.92,-5.00,4.15,-2.08,3.61,0.08,0.00
2024-03-26 11:00:00,"(40.7127492, -74.0059945)",era5,17.92,-5.00,4.27,-1.45,3.29,0.17,0.00
2024-03-26 12:00:00,"(40.7127492, -74.0059945)",era5,17.92,-5.00,4.68,-1.16,2.93,0.02,0.00
2024-03-26 13:00:00,"(40.7127492, -74.0059945)",era5,17.92,-5.00,5.58,-0.71,3.71,0.50,0.00
2024-03-26 14:00:00,"(40.7127492, -74.0059945)",era5,17.92,-5.00,6.51,0.04,4.74,0.78,0.00
2024-03-26 15:00:00,"(40.7127492, -74.0059945)",era5,17.92,-5.00,7.46,0.67,4.11,0.70,0.00
2024-03-26 16:00:00,"(40.7127492, -74.0059945)",era5,17.92,-5.00,8.04,0.94,2.67,1.00,0.00
2024-03-26 17:00:00,"(40.7127492, -74.0059945)",era5,17.92,-5.00,8.64,1.55,2.62,0.99,0.00
2024-03-26 18:00:00,"(40.7127492, -74.0059945)",era5,17.92,-5.00,9.17,2.00,2.28,0.99,0.00
2024-03-26 19:00:00,"(40.7127492, -74.0059945)",era5,17.92,-5.00,9.59,2.58,1.94,1.00,0.00
2024-03-26 20:00:00,"(40.7127492, -74.0059945)",era5,17.92,-5.00,10.25,3.11,2.33,1.00,0.00
2024-03-26 21:00:00,"(40.7127492, -74.0059945)",era5,17.92,-5.00,10.40,3.48,2.61,1.00,0.00
2024-03-26 22:00:00,"(40.7127492, -74.0059945)",era5,17.92,-5.00,8.31,2.87,1.42,1.00,0.00
2024-03-26 23:00:00,"(40.7127492, -74.0059945)",era5,17.92,-5.00,7.92,3.29,1.97,1.00,0.00
2024-03-27 00:00:00,"(40.7127492, -74.0059945)",era5,17.92,-5.00,7.79,3.43,2.31,1.00,0.00
2024-03-27 01:00:00,"(40.7127492, -74.0059945)",era5,17.92,-5.00,7.63,3.51,2.46,0.98,0.00
2024-03-27 02:00:00,"(40.7127492, -74.0059945)",era5,17.92,-5.00,7.12,3.74,1.60,1.00,0.00
2024-03-27 03:00:00,"(40.7127492, -74.0059945)",era5,17.92,-5.00,6.98,3.77,2.02,0.98,0.00
2024-03-27 04:00:00,"(40.7127492, -74.0059945)",era5,17.92,-5.00,6.62,3.71,3.28,0.88,0.01
2024-03-27 05:00:00,"(40.7127492, -74.0059945)",era5,17.92,-5.00,6.21,3.47,3.61,0.96,0.00
2024-03-27 06:00:00,"(40.7127492, -74.0059945)",era5,17.92,-5.00,6.00,3.35,1.20,0.98,0.00
2024-03-27 07:00:00,"(40.7127492, -74.0059945)",era5,17.92,-5.00,5.81,3.30,1.56,0.99,0.00
2024-03-27 08:00:00,"(40.7127492, -74.0059945)",era5,17.92,-5.00,5.58,3.23,1.63,1.00,0.00
2024-03-27 09:00:00,"(40.7127492, -74.0059945)",era5,17.92,-5.00,5.52,3.23,1.13,1.00,0.00
2024-03-27 10:00:00,"(40.7127492, -74.0059945)",era5,17.92,-5.00,5.56,3.59,1.59,1.00,0.02
2024-03-27 11:00:00,"(40.7127492, -74.0059945)",era5,17.92,-5.00,5.62,3.71,1.61,0.99,0.02
2024-03-27 12:00:00,"(40.7127492, -74.0059945)",era5,17.92,-5.00,5.92,3.88,1.44,0.96,0.02
2024-03-27 13:00:00,"(40.7127492, -74.0059945)",era5,17.92,-5.00,6.32,4.08,1.23,0.91,0.00
2024-03-27 14:00:00,"(40.7127492, -74.0059945)",era5,17.92,-5.00,6.56,4.36,1.39,0.91,0.00
2024-03-27 15:00:00,"(40.7127492, -74.0059945)",era5,17.92,-5.00,7.18,4.12,1.27,0.99,0.00
2024-03-27 16:00:00,"(40.7127492, -74.0059945)",era5,17.92,-5.00,7.91,3.91,0.50,0.99,0.00
2024-03-27 17:00:00,"(40.7127492, -74.0059945)",era5,17.92,-5.00,8.33,4.20,0.26,0.98,0.00
2024-03-27 18:00:00,"(40.7127492, -74.0059945)",era5,17.92,-5.00,9.27,4.30,0.27,0.89,0.00
2024-03-27 19:00:00,"(40.7127492, -74.0059945)",era5,17.92,-5.00,9.39,4.54,1.64,1.00,0.00
2024-03-27 20:00:00,"(40.7127492, -74.0059945)",era5,17.92,-5.00,7.96,5.04,2.44,1.00,0.09
2024-03-27 21:00:00,"(40.7127492, -74.0059945)",era5,17.92,-5.00,7.90,5.31,1.16,1.00,0.26
2024-03-27 22:00:00,"(40.7127492, -74.0059945)",era5,17.92,-5.00,8.64,5.34,2.02,0.97,0.55
2024-03-27 23:00:00,"(40.7127492, -74.0059945)",era5,17.92,-5.00,8.75,5.92,1.28,0.63,0.15
2024-03-28 00:00:00,"(40.7127492, -74.0059945)",era5,17.92,-5.00,8.30,6.33,1.51,0.86,0.02
2024-03-28 01:00:00,"(40.7127492, -74.0059945)",era5,17.92,-5.00,7.92,6.46,1.22,1.00,0.00
2024-03-28 02:00:00,"(40.7127492, -74.0059945)",era5,17.92,-5.00,8.27,6.68,0.89,1.00,0.02
2024-03-28 03:00:00,"(40.7127492, -74.0059945)",era5,17.92,-5.00,8.10,6.75,0.98,1.00,0.10
2024-03-28 04:00:00,"(40.7127492, -74.0059945)",era5,17.92,-5.00,8.45,6.94,1.08,1.00,0.58
2024-03-28 05:00:00,"(40.7127492, -74.0059945)",era5,17.92,-5.00,8.30,7.19,0.94,1.00,2.23
2024-03-28 06:00:00,"(40.7127492, -74.0059945)",era5,17.92,-5.00,8.21,7.27,0.98,1.00,2.59
2024-03-28 07:00:00,"(40.7127492, -74.0059945)",era5,17.92,-5.00,8.21,7.34,1.18,1.00,2.93
2024-03-28 08:00:00,"(40.7127492, -74.0059945)",era5,17.92,-5.00,8.32,7.41,1.13,1.00,2.70
2024-03-28 09:00:00,"(40.7127492, -74.0059945)",era5,17.92,-5.00,8.38,7.52,1.44,1.00,2.63
2024-03-28 10:00:00,"(40.7127492, -74.0059945)",era5,17.92,-5.00,8.28,7.38,1.03,1.00,0.64
2024-03-28 11:00:00,"(40.7127492, -74.0059945)",era5,17.92,-5.00,8.36,7.33,1.54,1.00,0.12
2024-03-28 12:00:00,"(40.7127492, -74.0059945)",era5,17.92,-5.00,8.64,7.50,0.40,1.00,0.71
2024-03-28 13:00:00,"(40.7127492, -74.0059945)",era5,17.92,-5.00,8.93,7.66,0.73,1.00,1.31
2024-03-28 14:00:00,"(40.7127492, -74.0059945)",era5,17.92,-5.00,9.40,7.92,0.72,1.00,0.54
2024-03-28 15:00:00,"(40.7127492, -74.0059945)",era5,17.92,-5.00,9.68,8.10,1.51,1.00,0.65
2024-03-28 16:00:00,"(40.7127492, -74.0059945)",era5,17.92,-5.00,9.50,7.81,2.28,1.00,0.68
2024-03-28 17:00:00,"(40.7127492, -74.0059945)",era5,17.92,-5.00,9.21,7.58,3.17,1.00,0.77
2024-03-28 18:00:00,"(40.7127492, -74.0059945)",era5,17.92,-5.00,9.06,7.32,3.51,1.00,1.01
2024-03-28 19:00:00,"(40.7127492, -74.0059945)",era5,17.92,-5.00,8.79,6.94,3.06,1.00,0.52
2024-03-28 20:00:00,"(40.7127492, -74.0059945)",era5,17.92,-5.00,8.65,6.78,2.87,1.00,0.61
2024-03-28 21:00:00,"(40.7127492, -74.0059945)",era5,17.92,-5.00,8.69,6.61,3.21,1.00,0.75
2024-03-28 22:00:00,"(40.7127492, -74.0059945)",era5,17.92,-5.00,8.10,5.57,3.39,1.00,0.73
2024-03-28 23:00:00,"(40.7127492, -74.0059945)",era5,17.92,-5.00,8.08,5.35,3.24,1.00,0.68
2024-03-29 00:00:00,"(40.7127492, -74.0059945)",era5,17.92,-5.00,7.92,5.23,4.27,1.00,0.65
2024-03-29 01:00:00,"(40.7127492, -74.0059945)",era5,17.92,-5.00,7.73,4.86,4.08,1.00,0.58
2024-03-29 02:00:00,"(40.7127492, -74.0059945)",era5,17.92,-5.00,7.37,4.27,4.54,1.00,0.48
2024-03-29 03:00:00,"(40.7127492, -74.0059945)",era5,17.92,-5.00,6.87,3.57,5.40,1.00,0.37
2024-03-29 04:00:00,"(40.7127492, -74.0059945)",era5,17.92,-5.00,6.48,2.64,5.81,1.00,0.24
2024-03-29 05:00:00,"(40.7127492, -74.0059945)",era5,17.92,-5.00,5.97,0.84,5.97,1.00,0.13
2024-03-29 06:00:00,"(40.7127492, -74.0059945)",era5,17.92,-5.00,6.13,-1.37,5.94,1.00,0.05
2024-03-29 07:00:00,"(40.7127492, -74.0059945)",era5,17.92,-5.00,6.46,-2.26,6.16,1.00,0.00
2024-03-29 08:00:00,"(40.7127492, -74.0059945)",era5,17.92,-5.00,6.56,-3.47,5.95,1.00,0.00
2024-03-29 09:00:00,"(40.7127492, -74.0059945)",era5,17.92,-5.00,6.66,-3.65,5.72,1.00,0.00
2024-03-29 10:00:00,"(40.7127492, -74.0059945)",era5,17.92,-5.00,6.23,-4.08,5.55,1.00,0.00
2024-03-29 11:00:00,"(40.7127492, -74.0059945)",era5,17.92,-5.00,5.96,-3.83,5.55,1.00,0.00
2024-03-29 12:00:00,"(40.7127492, -74.0059945)",era5,17.92,-5.00,5.83,-3.45,5.81,0.91,0.00
2024-03-29 13:00:00,"(40.7127492, -74.0059945)",era5,17.92,-5.00,6.17,-3.29,5.74,0.51,0.00
2024-03-29 14:00:00,"(40.7127492, -74.0059945)",era5,17.92,-5.00,7.70,-3.15,6.55,0.25,0.00
2024-03-29 15:00:00,"(40.7127492, -74.0059945)",era5,17.92,-5.00,9.01,-3.26,7.03,0.02,0.00
2024-03-29 16:00:00,"(40.7127492, -74.0059945)",era5,17.92,-5.00,9.76,-3.73,6.88,0.01,0.00
2024-03-29 17:00:00,"(40.7127492, -74.0059945)",era5,17.92,-5.00,10.54,-4.05,6.82,0.00,0.00
2024-03-29 18:00:00,"(40.7127492, -74.0059945)",era5,17.92,-5.00,11.14,-3.66,8.04,0.85,0.00
2024-03-29 19:00:00,"(40.7127492, -74.0059945)",era5,17.92,-5.00,11.87,-3.98,8.51,0.99,0.00
2024-03-29 20:00:00,"(40.7127492, -74.0059945)",era5,17.92,-5.00,11.80,-2.99,8.52,0.54,0.00
2024-03-29 21:00:00,"(40.7127492, -74.0059945)",era5,17.92,-5.00,11.12,-2.42,8.21,0.31,0.00
2024-03-29 22:00:00,"(40.7127492, -74.0059945)",era5,17.92,-5.00,9.41,-2.81,6.58,0.08,0.00
2024-03-29 23:00:00,"(40.7127492, -74.0059945)",era5,17.92,-5.00,8.40,-2.81,6.56,0.02,0.00
2024-03-30 00:00:00,"(40.7127492, -74.0059945)",era5,17.92,-5.00,7.50,-2.78,6.54,0.00,0.00
2024-03-30 01:00:00,"(40.7127492, -74.0059945)",era5,17.92,-5.00,6.82,-2.82,6.76,0.00,0.00
2024-03-30 02:00:00,"(40.7127492, -74.0059945)",era5,17.92,-5.00,6.17,-3.03,6.43,0.00,0.00
2024-03-30 03:00:00,"(40.7127492, -74.0059945)",era5,17.92,-5.00,5.98,-2.98,6.23,0.00,0.00
2024-03-30 04:00:00,"(40.7127492, -74.0059945)",era5,17.92,-5.00,5.86,-2.90,6.09,0.00,0.00
2024-03-30 05:00:00,"(40.7127492, -74.0059945)",era5,17.92,-5.00,5.53,-2.67,5.88,0.00,0.00
2024-03-30 06:00:00,"(40.7127492, -74.0059945)",era5,17.92,-5.00,5.44,-2.46,5.90,0.04,0.00
2024-03-30 07:00:00,"(40.7127492, -74.0059945)",era5,17.92,-5.00,5.35,-2.29,5.93,0.35,0.00
2024-03-30 08:00:00,"(40.7127492, -74.0059945)",era5,17.92,-5.00,5.20,-2.31,5.57,0.05,0.00
2024-03-30 09:00:00,"(40.7127492, -74.0059945)",era5,17.92,-5.00,5.08,-2.25,5.25,0.01,0.00
2024-03-30 10:00:00,"(40.7127492, -74.0059945)",era5,17.92,-5.00,5.10,-2.20,4.43,0.02,0.00
2024-03-30 11:00:00,"(40.7127492, -74.0059945)",era5,17.92,-5.00,4.87,-2.35,4.45,0.00,0.00
2024-03-30 12:00:00,"(40.7127492, -74.0059945)",era5,17.92,-5.00,5.32,-2.64,4.48,0.00,0.00
2024-03-30 13:00:00,"(40.7127492, -74.0059945)",era5,17.92,-5.00,5.82,-3.10,5.50,0.00,0.00
2024-03-30 14:00:00,"(40.7127492, -74.0059945)",era5,17.92,-5.00,7.03,-3.16,5.78,0.10,0.00
2024-03-30 15:00:00,"(40.7127492, -74.0059945)",era5,17.92,-5.00,8.14,-3.16,5.59,0.94,0.00
2024-03-30 16:00:00,"(40.7127492, -74.0059945)",era5,17.92,-5.00,9.37,-3.18,5.51,0.96,0.00
2024-03-30 17:00:00,"(40.7127492, -74.0059945)",era5,17.92,-5.00,11.33,-3.19,5.52,0.60,0.00
2024-03-30 18:00:00,"(40.7127492, -74.0059945)",era5,17.92,-5.00,12.49,-3.03,5.47,0.93,0.00
2024-03-30 19:00:00,"(40.7127492, -74.0059945)",era5,17.92,-5.00,13.84,-3.04,5.60,1.00,0.00
2024-03-30 20:00:00,"(40.7127492, -74.0059945)",era5,17.92,-5.00,14.17,-2.25,5.69,1.00,0.00
2024-03-30 21:00:00,"(40.7127492, -74.0059945)",era5,17.92,-5.00,14.04,-1.28,4.95,0.99,0.00
2024-03-30 22:00:00,"(40.7127492, -74.0059945)",era5,17.92,-5.00,13.49,-0.65,4.00,0.99,0.00
2024-03-30 23:00:00,"(40.7127492, -74.0059945)",era5,17.92,-5.00,13.23,0.37,4.49,0.99,0.00
2024-03-31 00:00:00,"(40.7127492, -74.0059945)",era5,17.92,-5.00,12.15,3.53,4.87,0.95,0.37
2024-03-31 01:00:00,"(40.7127492, -74.0059945)",era5,17.92,-5.00,11.09,5.19,4.17,1.00,0.47
2024-03-31 02:00:00,"(40.7127492, -74.0059945)",era5,17.92,-5.00,10.26,5.59,3.14,0.99,0.15
2024-03-31 03:00:00,"(40.7127492, -74.0059945)",era5,17.92,-5.00,9.79,6.04,3.23,0.97,0.15
2024-03-31 04:00:00,"(40.7127492, -74.0059945)",era5,17.92,-5.00,9.63,6.28,3.19,1.00,0.14
2024-03-31 05:00:00,"(40.7127492, -74.0059945)",era5,17.92,-5.00,9.45,6.59,2.83,1.00,0.22
2024-03-31 06:00:00,"(40.7127492, -74.0059945)",era5,17.92,-5.00,9.32,6.56,2.83,1.00,0.31
2024-03-31 07:00:00,"(40.7127492, -74.0059945)",era5,17.92,-5.00,9.21,6.20,2.90,0.99,0.00
2024-03-31 08:00:00,"(40.7127492, -74.0059945)",era5,17.92,-5.00,8.66,5.26,2.71,0.15,0.00
2024-03-31 09:00:00,"(40.7127492, -74.0059945)",era5,17.92,-5.00,7.72,4.41,2.85,0.01,0.00
2024-03-31 10:00:00,"(40.7127492, -74.0059945)",era5,17.92,-5.00,7.84,3.64,2.66,0.17,0.00
2024-03-31 11:00:00,"(40.7127492, -74.0059945)",era5,17.92,-5.00,7.62,2.77,2.62,0.63,0.00
2024-03-31 12:00:00,"(40.7127492, -74.0059945)",era5,17.92,-5.00,8.42,1.48,2.55,0.02,0.00
2024-03-31 13:00:00,"(40.7127492, -74.0059945)",era5,17.92,-5.00,9.11,0.18,2.65,0.10,0.00
2024-03-31 14:00:00,"(40.7127492, -74.0059945)",era5,17.92,-5.00,10.29,-0.36,2.70,0.24,0.00
2024-03-31 15:00:00,"(40.7127492, -74.0059945)",era5,17.92,-5.00,11.03,0.44,2.70,0.82,0.00
2024-03-31 16:00:00,"(40.7127492, -74.0059945)",era5,17.92,-5.00,11.36,1.10,4.04,0.99,0.00
2024-03-31 17:00:00,"(40.7127492, -74.0059945)",era5,17.92,-5.00,12.38,1.66,5.17,0.82,0.00
2024-03-31 18:00:00,"(40.7127492, -74.0059945)",era5,17.92,-5.00,13.11,2.10,5.01,0.49,0.00
2024-03-31 19:00:00,"(40.7127492, -74.0059945)",era5,17.92,-5.00,13.75,2.16,4.89,0.03,0.00
2024-03-31 20:00:00,"(40.7127492, -74.0059945)",era5,17.92,-5.00,14.43,2.16,4.93,0.99,0.00
2024-03-31 21:00:00,"(40.7127492, -74.0059945)",era5,17.92,-5.00,14.44,2.62,4.33,1.00,0.00
2024-03-31 22:00:00,"(40.7127492, -74.0059945)",era5,17.92,-5.00,13.26,2.48,2.83,0.99,0.00
2024-03-31 23:00:00,"(40.7127492, -74.0059945)",era5,17.92,-5.00,12.50,2.73,2.14,0.91,0.00
2024-04-01 00:00:00,"(40.7127492, -74.0059945)",era5,17.92,-5.00,11.20,3.53,2.40,0.97,0.00
2024-04-01 01:00:00,"(40.7127492, -74.0059945)",era5,17.92,-5.00,11.09,3.91,2.43,1.00,0.00
2024-04-01 02:00:00,"(40.7127492, -74.0059945)",era5,17.92,-5.00,10.33,4.60,2.24,0.91,0.00
2024-04-01 03:00:00,"(40.7127492, -74.0059945)",era5,17.92,-5.00,10.22,4.32,2.14,0.71,0.00
2024-04-01 04:00:00,"(40.7127492, -74.0059945)",era5,17.92,-5.00,9.87,4.51,2.00,0.57,0.00
2024-04-01 05:00:00,"(40.7127492, -74.0059945)",era5,17.92,-5.00,9.24,4.88,1.84,0.90,0.00
2024-04-01 06:00:00,"(40.7127492, -74.0059945)",era5,17.92,-5.00,9.23,4.76,1.49,1.00,0.00
2024-04-01 07:00:00,"(40.7127492, -74.0059945)",era5,17.92,-5.00,8.96,4.72,1.33,1.00,0.00
2024-04-01 08:00:00,"(40.7127492, -74.0059945)",era5,17.92,-5.00,8.66,4.47,1.53,1.00,0.00
2024-04-01 09:00:00,"(40.7127492, -74.0059945)",era5,17.92,-5.00,8.51,4.09,1.88,1.00,0.00
2024-04-01 10:00:00,"(40.7127492, -74.0059945)",era5,17.92,-5.00,8.37,3.94,2.32,1.00,0.00
2024-04-01 11:00:00,"(40.7127492, -74.0059945)",era5,17.92,-5.00,8.30,3.80,3.06,1.00,0.00
2024-04-01 12:00:00,"(40.7127492, -74.0059945)",era5,17.92,-5.00,8.42,3.71,2.36,1.00,0.00
2024-04-01 13:00:00,"(40.7127492, -74.0059945)",era5,17.92,-5.00,8.31,3.54,1.82,1.00,0.09
2024-04-01 14:00:00,"(40.7127492, -74.0059945)",era5,17.92,-5.00,8.45,3.97,1.39,1.00,0.38
2024-04-01 15:00:00,"(40.7127492, -74.0059945)",era5,17.92,-5.00,8.53,4.61,1.50,1.00,0.64
2024-04-01 16:00:00,"(40.7127492, -74.0059945)",era5,17.92,-5.00,8.52,4.79,1.99,1.00,0.49
2024-04-01 17:00:00,"(40.7127492, -74.0059945)",era5,17.92,-5.00,9.29,5.10,3.04,1.00,0.34
2024-04-01 18:00:00,"(40.7127492, -74.0059945)",era5,17.92,-5.00,9.95,4.85,2.84,0.99,0.10
2024-04-01 19:00:00,"(40.7127492, -74.0059945)",era5,17.92,-5.00,9.48,4.87,1.50,0.91,0.02
2024-04-01 20:00:00,"(40.7127492, -74.0059945)",era5,17.92,-5.00,9.48,5.07,0.96,0.94,0.00
2024-04-01 21:00:00,"(40.7127492, -74.0059945)",era5,17.92,-5.00,9.65,5.22,0.23,0.91,0.00
2024-04-01 22:00:00,"(40.7127492, -74.0059945)",era5,17.92,-5.00,10.85,4.30,0.50,0.78,0.00
2024-04-01 23:00:00,"(40.7127492, -74.0059945)",era5,17.92,-5.00,10.80,4.69,0.83,0.82,0.00
